"Stripped.Sequence","Ratio_control_control","Ratio_02nM_control","Ratio_2nM_control","Ratio_20nM_control","Ratio_200nM_control","Ratio_1uM_control","Ratio_5uM_control","Ratio_20uM_control","Protein.Group","Protein.Ids","Protein.Names","Genes","First.Protein.Description","Proteotypic","Modified.Sequence","peptide.length","from","to","rep1","rep2","rep3","rep4","total_count","rep1_sta_dd","rep2_sta_dd","rep3_sta_dd","rep4_sta_dd","total_dd_count_sta","rep1_des_dd","rep2_des_dd","rep3_des_dd","rep4_des_dd","total_dd_count_des","regulation","CV_EC50","mean_EC50","is.EC50.reproducible","Ratio_control_control_log2","Ratio_02nM_control_log2","Ratio_2nM_control_log2","Ratio_20nM_control_log2","Ratio_200nM_control_log2","Ratio_1uM_control_log2","Ratio_5uM_control_log2","Ratio_20uM_control_log2","is.kinase"
"GVFCAGADLKER",1,0.976171503036885,0.91823837689752,0.885396970105663,0.628035041555212,0.354281959113241,0.327240921804545,0.342922998967178,"Q3TLP5","Q3TLP5","ECHD2_MOUSE","Echdc2","Enoyl-CoA hydratase domain-containing protein 2, mitochondrial",1,"GVFC(UniMod:4)AGADLKER",12,92,103,1,1,1,1,"4",1,1,1,1,"4",0,0,0,0,"0","stabilized",0.0363563796690212,6.84885,"yes",0,-0.0347934585290995,-0.123059365513262,-0.175603658452955,-0.671083037573722,-1.49703009305107,-1.6115749248688,-1.54404342950794,"no"
"KTSTQEYAAK",1,1.01999729169889,1.1071024643794,1.0497112333753,0.788802725628744,0.734903321986393,0.518313557977003,0.528182041915496,"Q923T9","Q923T9","KCC2G_MOUSE","Camk2g","Calcium/calmodulin-dependent protein kinase type II subunit gamma",1,"KTSTQEYAAK",10,34,43,1,1,1,1,"4",1,0,1,1,"3",0,0,0,0,"0","stabilized",0.0854107785727604,6.5724,"yes",0,0.028565321551896,0.146788752391444,0.0699925093446994,-0.342263558074837,-0.444373621897033,-0.948102962846479,-0.920892843893313,"yes"
"ITDEKYHLTELDVVLFTR",1,0.960687659729377,0.931398837890325,0.926304668458804,0.71454295570141,0.599398421959287,0.544191262460304,0.460378180109748,"Q3UIZ8","Q3UIZ8","MYLK3_MOUSE","Mylk3","Myosin light chain kinase 3",1,"ITDEKYHLTELDVVLFTR",18,577,594,1,1,1,1,"4",1,1,1,1,"4",0,0,0,0,"0","stabilized",0.0940553229639591,6.4926,"yes",0,-0.0578606389178466,-0.102529012783782,-0.110441310276449,-0.484907351425472,-0.738412809224911,-0.877814302038077,-1.11910863716318,"yes"
"IRPECFELLR",1,0.901344079302227,1.02338025434297,0.926305699556963,0.790383804494179,0.656629055554904,0.616065508815416,0.51421481052457,"Q8BSK8","Q8BSK8","KS6B1_MOUSE","Rps6kb1","Ribosomal protein S6 kinase beta-1",1,"IRPEC(UniMod:4)FELLR",10,86,95,1,1,1,1,"4",1,1,0,1,"3",0,0,0,0,"0","stabilized",0.147836723706602,6.3145,"yes",0,-0.149850148956514,0.0333423025838192,-0.11043970436921,-0.339374709472003,-0.606849504925414,-0.698844328028587,-0.959556931307319,"yes"
"GSLPWQGLK",1,0.969246768663649,0.941932949898154,1.01865103340512,0.796198210090793,0.69503371360526,0.46180374580201,0.397135786490986,"Q8BVP5","Q8BTH8;Q8BVP5;Q8C4X2","KC1G2_MOUSE","Csnk1g2","Casein kinase I isoform gamma-2",0,"GSLPWQGLK",9,248,256,1,1,1,1,"4",1,1,1,0,"3",0,0,0,0,"0","stabilized",0.111723328386176,5.95366666666667,"yes",0,-0.045064074651118,-0.0863037275039062,0.0266599017474225,-0.328800466733709,-0.524845135365661,-1.11464821967904,-1.33229572479098,"yes"
"DHQKLER",1,1.00201432278722,1.05830151455832,0.92639412650814,0.924121403887756,0.802902681568512,0.664803282987606,0.591533860481559,"Q6PHZ2","P11798;P28652;Q6PHZ2;Q923T9","KCC2D_MOUSE","Camk2d","Calcium/calmodulin-dependent protein kinase type II subunit delta",0,"DHQKLER",7,54,60,1,1,1,1,"4",1,1,0,1,"3",0,0,0,0,"0","stabilized",0.0335042375279512,5.81783333333333,"yes",0,0.0029031305554886,0.0817507159079077,-0.110301988456199,-0.113845700733623,-0.316702963093739,-0.589000588323264,-0.757467341452208,"yes"
"GIVVLGINR",1,0.99526770354247,1.02091912468426,0.964164923452411,0.987113348439178,0.931790096791514,0.514816524568777,0.490093002285889,"Q9JLZ3","Q9JLZ3","AUHM_MOUSE","Auh","Methylglutaconyl-CoA hydratase, mitochondrial",1,"GIVVLGINR",9,63,71,1,1,1,1,"4",1,1,0,1,"3",0,0,0,0,"0","stabilized",0.0466934611285414,5.67823333333333,"yes",0,-0.00684346608817551,0.0298685831223255,-0.0526481497847635,-0.0187123386332814,-0.101923097544335,-0.957869732993828,-1.02887254728174,"no"
"TKHPQLHIESK",1,1.05723075308258,1.11473872844589,1.08128254968209,0.954239478413008,0.80250834897604,0.400176726209948,0.359034520171726,"Q9JMK2","Q9DC28;Q9JMK2","KC1E_MOUSE","Csnk1e","Casein kinase I isoform epsilon",0,"TKHPQLHIESK",11,44,54,1,1,1,1,"4",1,1,1,1,"4",0,0,0,0,"0","stabilized",0.0978537708503781,5.67225,"yes",0,0.0802902962994915,0.156705612078438,0.112743562629704,-0.0675767207297997,-0.317411693351895,-1.32129083058691,-1.47780553304985,"yes"
"DLKPENVLLDAQMNAK",1,0.96143692237019,1.00294146046331,1.01328755201621,0.992258572609486,0.916117597162093,0.736710457830094,0.6449376496304,"Q8BRK8","Q8BRK8","AAPK2_MOUSE","Prkaa2","5'-AMP-activated protein kinase catalytic subunit alpha-2",1,"DLKPENVLLDAQMNAK",16,139,154,1,1,1,1,"4",1,1,1,0,"3",0,0,0,0,"0","stabilized",0.0614430588293041,5.66616666666667,"yes",0,-0.0567358860677544,0.00423740139980003,0.0190436420550457,-0.0112119734568944,-0.126395293559539,-0.440830372620379,-0.632768402439894,"yes"
"ESTESSPGK",1,1.08267689816946,1.01893697575185,1.04869416432145,1.06619186715927,1.04289915713128,0.697528776100946,0.488064902157747,"Q9JKX6","Q9JKX6","NUDT5_MOUSE","Nudt5","ADP-sugar pyrophosphatase",1,"ESTESSPGK",9,5,13,1,1,1,1,"4",1,1,0,1,"3",0,0,0,0,"0","stabilized",0.0415995433890633,5.38593333333333,"yes",0,0.114602765609135,0.0270648193327937,0.0685939992219699,0.0924670824604305,0.0605996635717461,-0.519675359261983,-1.03485508686315,"no"
"DGLKDVVDALQSPLVDKK",1,0.990434295353538,0.943225422144822,0.914444939454371,0.955795760745778,0.919282627434092,0.666370795025072,0.498075970554668,"O55137","O55137","ACOT1_MOUSE","Acot1","Acyl-coenzyme A thioesterase 1",1,"DGLKDVVDALQSPLVDKK",18,287,304,1,1,1,1,"4",0,1,1,1,"3",0,0,0,0,"0","stabilized",0.0807071020070427,5.37143333333333,"yes",0,-0.0138668238733087,-0.0843254920192194,-0.129031789831431,-0.0652257260941591,-0.121419618017381,-0.58560292166857,-1.00556228435438,"no"
