"","X","ID","Log2FC","Log10P.Value","Log10adj.P.Val","P.Value","adj.P.Val","AveExpr","t","B","Protein.Ids","Genes","name","sequence","length","start","end","control_1","control_2","control_3","control_4","D1_1","D1_2","D1_3","D1_4","UID","is.kinase","is.contam","abs","in.domain"
"1",2,105215,1.35039970318801,10.9379085672389,6.61808307529136,1.15369612187541e-11,2.40944448695939e-07,19.1152306328178,28.6058563293703,9.38563141316028,"Q06187","BTK","Tyrosine-protein kinase BTK","YTVSVFAK",8,315,322,18.4459564882171,18.3874620369947,18.5367708262434,18.3899337734401,19.7520326720234,19.8233330283809,19.7708509790085,19.8155052582345,"Q06187","yes","no",1.35039970318801,"SH2"
"2",12,87619,1.36097508228185,10.2035529786637,6.25936651737998,6.25816517233892e-11,5.50343045255484e-07,18.3074661908319,24.46886615595,9.04889909344252,"Q06187","BTK","Tyrosine-protein kinase BTK","STGDPQGVIR",10,323,332,17.6122205900448,17.6352504834991,17.7255859368667,17.5348575883533,19.0362460675162,18.9422424394879,18.991023530678,18.9823028902092,"Q06187","yes","no",1.36097508228185,"SH2"
"3",14,27449,1.38294907098636,9.96857699042081,6.10005251117549,1.07503600434644e-10,7.94232197151865e-07,18.6280112791812,23.2721525452615,8.92237859995209,"Q06187","BTK","Tyrosine-protein kinase BTK","FTNSETAEHIAQGLR",15,601,615,17.854497096635,18.034755983653,17.9045052662551,17.9523886282088,19.2488772691234,19.4427734483598,19.2987830549211,19.2875094862931,"Q06187","yes","no",1.38294907098636,"no"
"4",16,56272,1.26424151693067,9.76164069976381,5.94239297508842,1.73124806194779e-10,1.14184465925766e-06,18.9872437332827,22.265110818143,8.8026700256854,"Q06187","BTK","Tyrosine-protein kinase BTK","LKYPVSQQNK",10,373,382,18.3280437504291,18.4979141927543,18.3414667018182,18.253067254268,19.6054578149684,19.6273771356226,19.6787548585256,19.5658681578756,"Q06187","yes","no",1.26424151693067,"SH2"
"5",31,85756,1.17007557595406,8.70648681408704,5.18447289348136,1.96568166108496e-09,6.53923743424474e-06,17.4056753877795,17.7444588055717,8.05818397758798,"Q06187","BTK","Tyrosine-protein kinase BTK","SQAEQLLKQEGK",12,289,300,16.917267174427,16.833656044761,16.7373001648141,16.7943270152075,18.0201769646965,17.9721552494516,18.0023205863754,17.9681999025024,"Q06187","yes","no",1.17007557595406,"SH2"
"6",37,102389,1.89050542194474,8.40590774828418,4.95074176501986,3.92728348884899e-09,1.12010370813853e-05,18.255025002611,16.624687120957,7.80110348133631,"Q06187","BTK","Tyrosine-protein kinase BTK","WSPPEVLMYSK",11,563,573,17.4370530488357,17.266512057077,17.1184544703104,17.4170695903316,18.861574629958,19.4204619404769,19.2855692881287,19.23350499577,"Q06187","yes","no",1.89050542194474,"no"
"7",55,85755,1.47182852464476,7.52042351326601,4.23741849542894,3.01700817344789e-08,5.78870615504744e-05,17.842131462567,13.693767832328,6.91604132458239,"Q06187","BTK","Tyrosine-protein kinase BTK","SQAEQLLK",8,289,296,17.0210667201633,17.2957241005695,16.7998633992987,17.308214580947,18.4738286004735,18.5807664485669,18.6009255743895,18.6566622761277,"Q06187","yes","no",1.47182852464476,"SH2"
"8",77,35606,1.69692473005345,6.54544752818679,3.40857054602796,2.84808188696139e-07,0.000390327773204235,17.2799223642261,11.0093405982136,5.71097879028372,"Q06187","BTK","Tyrosine-protein kinase BTK","HLFSTIPELINYHQHNSAGLISR",23,350,372,16.3814297292478,16.1261458526785,16.5432584322491,16.6750059826222,18.4540381799792,18.1002773472379,17.7345574794193,18.224665910375,"Q06187","yes","no",1.69692473005345,"SH2"
"9",111,65329,0.649836542430801,5.53195068526578,2.55390595672113,2.93798324504923e-06,0.00279314861156356,17.8562962195285,8.70389538619114,4.20509172505885,"Q06187","BTK","Tyrosine-protein kinase BTK","NCLVNDQGVVK",11,526,536,17.7248668630693,17.5379918456723,17.3788451781163,17.4838079063943,18.1872844066179,18.208267704271,18.1757785595172,18.1535272925693,"Q06187","yes","no",0.649836542430801,"no"
"10",145,100110,0.468278748100737,4.71585165912025,1.85385195402392,1.92374870673592e-05,0.0140006450706502,18.1484892161713,7.13434536124674,2.82197114126342,"P54753;P29320;P29323;Q15375;P54762;P29317;Q9UF33;P54760;Q06187;P29322;P54756","BTK","Tyrosine-protein kinase BTK","VSDFGLSR",8,537,544,17.8987785015449,17.8945454327059,17.8261263816369,18.0379490525962,18.2959796348592,18.3933569371884,18.4961711125685,18.3450066762706,"P54753","yes","no",0.468278748100737,"no"
"11",463,101629,0.625841752215274,2.40549878081422,0.0490103201003983,0.00393098348442662,0.893284256448289,15.3430695630452,3.63522992303329,-1.6805441264434,"Q06187","BTK","Tyrosine-protein kinase BTK","VYTIMYSCWHEK",12,626,637,14.9293878754595,15.0812254342552,14.9738273895241,15.1361540485113,15.3846454896898,16.1224984177992,15.6335657347059,15.4832521144163,"Q06187","yes","no",0.625841752215274,"no"
"12",3607,61527,0.202115035891119,1.31056290264289,5.64600963100213e-05,0.0489144412968537,0.999870004274064,17.3128285071804,2.21399571910631,-3.92346018024402,"Q06187","BTK","Tyrosine-protein kinase BTK","LVQLYGVCTK",10,457,466,17.2941899436207,17.3195839253326,17.1940161598475,17.0392939281386,17.5149066430435,17.217929307018,17.4521366515469,17.4705714988953,"Q06187","yes","no",0.202115035891119,"no"
"13",12522,42143,-0.096238870276359,0.820464636880623,5.64600963100213e-05,0.151194280669796,0.999870004274064,19.7154921421932,-1.54277479027169,-4.87192176141555,"Q06187","BTK","Tyrosine-protein kinase BTK","ITCVETVVPEKNPPPER",17,61,77,19.6776559911168,19.6732504069055,19.8401324898305,19.8634074214727,19.6376455216107,19.7892805016121,19.69097669287,19.5515881121273,"Q06187","yes","no",0.096238870276359,"no"
"14",19876,32371,0.142414895304611,0.646863481550606,5.64600963100213e-05,0.225494793314439,0.999870004274064,17.3013004246186,1.28422322640417,-5.18342132831846,"Q06187","BTK","Tyrosine-protein kinase BTK","GQYDVAIK",8,423,430,17.4142557983756,17.261250186869,17.3720828442794,16.8727830783413,17.4226725521748,17.3471887996958,17.3918896630858,17.3282804741274,"Q06187","yes","no",0.142414895304611,"no"
"15",22753,48668,0.147618815873358,0.595628790557202,5.64600963100213e-05,0.253729643603817,0.999870004274064,17.9188397578147,1.20445677666896,-5.27137447261536,"Q06187","BTK","Tyrosine-protein kinase BTK","KPLPPTPEEDQILK",14,186,199,17.5779377060757,17.7439534282589,17.9280267370208,18.1302035281568,17.7308349574605,18.1391266269091,18.1124496883671,17.9881853902689,"Q06187","yes","no",0.147618815873358,"no"
"16",28063,45540,0.0756676735922284,0.514907499089149,5.64600963100213e-05,0.305557185388414,0.999870004274064,17.8060403999695,1.0746938543644,-5.4052422642554,"Q06187","BTK","Tyrosine-protein kinase BTK","KGSIDVEK",8,53,60,17.73169026507,17.856212736814,17.6938748583271,17.7910483924824,17.8279442806845,17.9987006020293,17.7625377616358,17.7863143027127,"Q06187","yes","no",0.0756676735922284,"no"
"17",29091,66128,-0.0720449066976414,0.501508386134917,5.64600963100213e-05,0.31513135284169,0.999870004274064,17.1967704129056,-1.05260640378603,-5.42683171069698,"Q06187","BTK","Tyrosine-protein kinase BTK","NGSLKPGSSHR",11,172,182,17.2498634265672,17.2187807894591,17.2615807643097,17.2009464846815,17.2079961506997,17.2023917017948,17.066951084546,17.1656529011865,"Q06187","yes","no",0.0720449066976414,"no"
"18",29934,65182,0.0853076593510913,0.49049373706971,5.64600963100213e-05,0.323225981525229,0.999870004274064,17.2057183522577,1.03432159439088,-5.44443128592711,"Q06187","BTK","Tyrosine-protein kinase BTK","NAMGCQILENR",11,161,171,17.1439611010558,17.3082412495348,17.1899210544115,17.0101346853266,17.1569126086781,17.3387015680843,17.2425600825546,17.255314468416,"Q06187","yes","no",0.0853076593510913,"no"
"19",32043,104513,0.193400969183905,0.464751846157441,5.64600963100213e-05,0.342963698428159,0.999870004274064,14.9446502033896,0.991117645219055,-5.48501718043069,"Q06187","BTK","Tyrosine-protein kinase BTK","YNSDLVQK",8,134,141,14.5717111725343,14.7086474476609,14.9797601060837,15.1316801489117,15.2034091846782,15.36588838418,14.7235649606186,14.8725402224493,"Q06187","yes","no",0.193400969183905,"no"
"20",43968,93825,0.0640819839031153,0.342781169116131,5.64600963100213e-05,0.454170404903802,0.999870004274064,17.1492084464855,0.775940979204493,-5.66513415690692,"Q06187","BTK","Tyrosine-protein kinase BTK","TSPLNFKK",8,20,27,17.2698389362747,17.160807003774,17.0950054704946,16.9430184075924,17.1588660498892,17.2170489135563,17.1999310958532,17.1491516944494,"Q06187","yes","no",0.0640819839031153,"no"
"21",70872,91486,0.113624580418579,0.158018937902156,5.64600963100213e-05,0.694994010928001,0.999870004274064,15.5609720533277,0.402564346553562,-5.88162979301007,"Q06187","BTK","Tyrosine-protein kinase BTK","TKKPLPPTPEEDQILK",16,184,199,15.7320242940555,16.1933636488559,14.6421476136116,15.4491034959508,15.5741145203738,15.5508970582901,15.3568577055325,15.9892680899516,"Q06187","yes","no",0.113624580418579,"no"
"22",71593,20233,-0.0465235396253192,0.154052359518952,5.64600963100213e-05,0.701370734490162,0.999870004274064,16.4941706994475,-0.393655665533366,-5.88519397103657,"Q06187","BTK","Tyrosine-protein kinase BTK","ELGTGQFGVVK",11,407,417,16.2563929949064,16.7489265921334,16.3913359033802,16.6730743866207,16.4925448480041,16.4724893580406,16.4929938395357,16.425607672959,"Q06187","yes","no",0.0465235396253192,"no"
"23",86153,53795,-0.00775372031574761,0.081203190301456,5.64600963100213e-05,0.8294626018899,0.999870004274064,20.28969881462,-0.22058539379952,-5.9389019591516,"Q06187","BTK","Tyrosine-protein kinase BTK","LFLLTVHK",8,29,36,20.239568230396,20.3493049889907,20.299465172318,20.2859643074066,20.2744646060638,20.2988948995492,20.2984698438264,20.2714584684089,"Q06187","yes","no",0.00775372031574761,"no"
"24",103631,76272,0.0010038979727689,0.00673151470108332,5.64600963100213e-05,0.984619619585211,0.999870004274064,19.3973096912127,0.0197210868826765,-5.96347052836385,"Q06187","BTK","Tyrosine-protein kinase BTK","RGEESSEMEQISIIER",16,82,97,19.3582219270185,19.4952519306261,19.338120477269,19.3956366339918,19.3202628925276,19.4712127889134,19.3582369537614,19.4415339255941,"Q06187","yes","no",0.0010038979727689,"no"
