"","...1","ID","Log2FC","Log10P.Value","Log10adj.P.Val","P.Value","adj.P.Val","AveExpr","t","B","Protein.Ids","Genes","name","sequence","length","start","end","control_1","control_2","control_3","control_4","D1_1","D1_2","D1_3","D1_4","UID","is.uniprot.atp","abs","in.domain"
"1",21,90087,2.58899941694228,11.288104344419,7.65055985570733,5.15104869636596e-12,2.2358370280341e-08,18.7846027098719,38.6326146121123,15.8783301379375,"Q06187","BTK","Tyrosine-protein kinase BTK","WSPPEVLMYSK",11,563,573,17.4928859065947,17.4800880541251,17.4759787771716,17.5114592677117,20.0584621544459,19.9364078991327,20.1053740060996,20.216165613694,"Q06187","yes",2.58899941694228,"no"
"2",51,24237,2.02649537909761,10.1586888969056,6.8998015113434,6.93922713549365e-11,1.25950091881904e-07,19.5062038558805,29.544056087863,14.3901735608598,"Q06187","BTK","Tyrosine-protein kinase BTK","FTNSETAEHIAQGLR",15,601,615,18.4258264603386,18.4617631941701,18.5847900491434,18.4994449616747,20.5327801446929,20.3506543564835,20.6065172682257,20.587854412315,"Q06187","yes",2.02649537909761,"no"
"3",159,75230,1.19789012088305,7.66650770934629,4.9028036523694,2.15522338493847e-08,1.25082440903246e-05,18.7378170671012,16.2342321591011,9.89285624206513,"Q06187","BTK","Tyrosine-protein kinase BTK","SQAEQLLK",8,289,296,18.2364440354296,18.011412910081,18.1385917946375,18.1690392864907,19.4385421300002,19.2816063438872,19.2194828843464,19.4074171519373,"Q06187","yes",1.19789012088305,"SH2"
"4",182,75231,1.20295441700418,7.4243797491926,4.71646814843606,3.76374551331463e-08,1.92101984597987e-05,17.4524733676435,15.3026273166678,9.3855357315074,"Q06187","BTK","Tyrosine-protein kinase BTK","SQAEQLLKQEGK",12,289,300,16.7838679033031,16.7980034162221,16.9088265087322,16.9132868083082,18.1446681995599,17.9724357569694,18.0770243051945,18.0216740428584,"Q06187","yes",1.20295441700418,"SH2"
"5",196,49319,0.973088716830745,7.13629754196743,4.46057062458229,7.3063834017249e-08,3.46281568028791e-05,19.2577019913093,14.2587874591681,8.76984341435471,"Q06187","BTK","Tyrosine-protein kinase BTK","LKYPVSQQNK",10,373,382,18.7656972506989,18.7726335307838,18.7744685785473,18.7718311715459,19.6398988535529,19.6460840243273,19.7742497831466,19.916752737872,"Q06187","yes",0.973088716830745,"SH2"
"6",256,76917,1.3534909371466,6.46356145389366,3.90381843046389,3.43905044404061e-07,0.00012479051285088,19.5874951522277,12.0688808501035,7.28770378906065,"Q06187","BTK","Tyrosine-protein kinase BTK","STGDPQGVIR",10,323,332,19.2117100944335,18.7143528570539,18.9747842688943,18.742151514236,20.3004933299205,20.427345584664,20.1702698427686,20.1588537258511,"Q06187","yes",1.3534909371466,"SH2"
"7",336,92627,1.05974812715446,5.67795669818706,3.23631298683529,2.09914917118574e-06,0.00058034602368737,19.4456405787196,9.89143641389191,5.49443640410491,"Q06187","BTK","Tyrosine-protein kinase BTK","YTVSVFAK",8,315,322,19.0427975708216,18.9951460604527,18.7927299350776,18.8323924942175,19.9504305943803,20.0287208666395,19.6985096819751,20.2243974261924,"Q06187","yes",1.05974812715446,"SH2"
"8",1208,89467,0.791442462941319,2.73786874743494,0.852145923038877,0.00182865278845024,0.140557517122063,15.5254346334029,4.23235041674864,-1.4903186726741,"Q06187","BTK","Tyrosine-protein kinase BTK","VYTIMYSCWHEK",12,626,637,15.1268939915522,14.6897905472642,15.4052295675132,15.2969395013995,16.1189309368471,15.9662620982609,15.71033291789,15.8890975064965,"Q06187","yes",0.791442462941319,"no"
"9",1621,88102,0.282025048034175,2.45547939510914,0.69757819640817,0.00350364910800351,0.200641979381641,17.9364158865379,3.82241604167364,-2.16039370903974,"P54753;P29320;P29323;Q15375;P54762;P29317;Q9UF33;P54760;Q06187;P29322;P54756","BTK","Tyrosine-protein kinase BTK","VSDFGLSR",8,537,544,17.924644355641,17.8541744257421,17.7001823032965,17.7026123654037,18.0771703829325,18.0885398194238,18.0719231871108,18.0720802527529,"P54753","yes",0.282025048034175,"no"
"10",2098,1066,0.35728263246741,2.22838478503023,0.582403012832031,0.00591037742523482,0.261575453637666,16.5884871165727,3.50187090826887,-2.6957455994389,"Q06187","BTK","Tyrosine-protein kinase BTK","ADERPTFK",8,638,645,16.4864013938682,16.3417568204975,16.4063378930937,16.4048870938965,16.8843374880388,16.6164483340549,16.804736051614,16.7629918575179,"Q06187","yes",0.35728263246741,"no"
"11",2663,42745,1.25033725004057,2.05843071785063,0.51581889554796,0.00874116427552611,0.304916625252139,14.6436367268477,3.26620636394884,-3.09366872497972,"Q06187","BTK","Tyrosine-protein kinase BTK","KPLPPEPAAAPVSTSELKK",19,200,218,13.2441095867787,13.5262204541774,14.1251163764579,15.1784259898957,15.4241564450684,15.12600666815,15.530302691491,14.9947556027627,"Q06187","yes",1.25033725004057,"SH3"
"12",2670,66831,-0.165169029974514,2.05571909660962,0.514247369232577,0.00879591255986595,0.306021987050048,19.6908454174068,-3.26247076683616,-3.09999540439042,"Q06187","BTK","Tyrosine-protein kinase BTK","RGEESSEMEQISIIER",16,82,97,19.8147764576967,19.8146653849441,19.7570367282561,19.7072411586794,19.5843753471414,19.5877983885013,19.5819912519145,19.678878622121,"Q06187","yes",0.165169029974514,"no"
"13",2765,91983,-0.73044515170931,2.02254285750566,0.496424581408901,0.00949417303180493,0.318841922124594,15.7082644772735,-3.21682163526587,-3.17734000433178,"Q06187","BTK","Tyrosine-protein kinase BTK","YNSDLVQK",8,134,141,16.0547272504175,15.9777114687951,16.1603422008649,16.1011672924353,15.8115277258731,15.4509244765325,15.4569992480761,14.6527161551939,"Q06187","yes",0.73044515170931,"no"
"14",3321,57138,0.267216885840305,1.89347085549623,0.447252538367744,0.0127799496999162,0.35706514757403,17.6852074895771,3.04009353236726,-3.47709545469732,"Q06187","BTK","Tyrosine-protein kinase BTK","NCLVNDQGVVK",11,526,536,17.7202509393954,17.5101769338346,17.5090713581334,17.4668969552644,17.9098755092529,17.8606626641353,17.8377387917482,17.6669867648526,"Q06187","yes",0.267216885840305,"no"
"15",6905,53887,0.212226809794473,1.44319225543992,0.314372949612952,0.0360419055767748,0.484871938413228,17.6853031832678,2.42893482094752,-4.50412059888872,"Q06187","BTK","Tyrosine-protein kinase BTK","LVQLYGVCTK",10,457,466,17.731935492309,17.4819649411612,17.6197829522804,17.4830757277316,17.9010554325533,17.8252693756342,17.6767972947464,17.7625442497263,"Q06187","yes",0.212226809794473,"no"
"16",15069,57843,-0.146106699995396,1.00098913504436,0.21114060923017,0.0997725024081044,0.614977732382615,18.2893521658524,-1.81815174208641,-5.46765081397719,"Q06187","BTK","Tyrosine-protein kinase BTK","NGSLKPGSSHR",11,172,182,18.340154358838,18.4086199889235,18.3136802152606,18.3871675003785,18.1804871016006,18.0262154277934,18.3201306512493,18.3383620827757,"Q06187","yes",0.146106699995396,"no"
"17",17011,47198,-0.108737967644348,0.933557581340195,0.196395684977485,0.116531253654133,0.636215601793617,19.7204236826072,-1.7218624371113,-5.60843974861628,"Q06187","BTK","Tyrosine-protein kinase BTK","LFLLTVHK",8,29,36,19.8874630953495,19.7372357880042,19.6396427695685,19.8348290127952,19.6922936788848,19.6517752264012,19.6058104497868,19.7143394400672,"Q06187","yes",0.108737967644348,"no"
"18",35682,37156,-0.0887494356043064,0.529086076386938,0.113552276528243,0.295742625188432,0.769923762166612,19.5636580924458,-1.1047056463205,-6.39429951255601,"Q06187","BTK","Tyrosine-protein kinase BTK","ITCVETVVPEKNPPPER",17,61,77,19.6470455403949,19.5601611456756,19.6424554336124,19.5824691213091,19.6991420150629,19.504968303931,19.2991744731907,19.5738487063901,"Q06187","yes",0.0887494356043064,"no"
"19",44361,82504,-0.137127409600343,0.409629107410594,0.0886729352885077,0.389377536031124,0.81531806428526,17.2982506709291,-0.900753170273711,-6.59677875732391,"Q06187","BTK","Tyrosine-protein kinase BTK","TSPLNFKK",8,20,27,17.0744132807716,17.4348480941806,17.2443545432068,17.713641584758,16.9305641039812,17.301121039783,17.2784676079533,17.4085951127981,"Q06187","yes",0.137127409600343,"no"
"20",48947,17975,0.113193608948691,0.353765346042963,0.0755201822067303,0.442827572212753,0.840387952315233,16.3974299370198,0.799810080398819,-6.6841186377594,"Q06187","BTK","Tyrosine-protein kinase BTK","ELGTGQFGVVK",11,407,417,16.4810646555442,16.2581721832743,16.3630567464116,16.2610389449517,16.7618238934919,16.2258494711308,16.5421068742633,16.2863267270905,"Q06187","yes",0.113193608948691,"no"
"21",49607,40117,0.104651503159513,0.346139409883699,0.0737229662320706,0.450672014197013,0.843872887414605,17.5900880470205,0.785700721011101,-6.69560746475249,"Q06187","BTK","Tyrosine-protein kinase BTK","KGSIDVEK",8,53,60,17.3815851958997,17.5916830396367,17.6229597976231,17.5548211486033,17.9464208636883,17.3199278577435,17.5241514220538,17.7791550509154,"Q06187","yes",0.104651503159513,"no"
"22",56096,53010,-0.120003792580821,0.279071153266674,0.0600200589387581,0.525931092647924,0.870923363329714,16.1298971357729,-0.657679524282517,-6.79147149347329,"Q06187","BTK","Tyrosine-protein kinase BTK","LSYYEYDFERGR",12,37,48,15.9525251361017,16.1116206720822,16.1537895058588,16.5416608142107,16.1842981184474,15.6372758159299,16.2750114138627,16.1829956096901,"Q06187","yes",0.120003792580821,"no"
"23",70960,42746,0.0462564880698935,0.147896873705754,0.0309274917878075,0.711382416381659,0.931263342797935,17.9204204054979,0.380961237777506,-6.94411174027956,"Q06187","BTK","Tyrosine-protein kinase BTK","KPLPPTPEEDQILK",14,186,199,18.0470493379891,17.7758674410677,17.9055104054522,17.8607414613428,18.1558805584576,18.109193010275,17.6191596418132,17.8899613875855,"Q06187","yes",0.0462564880698935,"no"
"24",79147,57844,-0.0604286128613474,0.0879471717642091,0.0183986409684373,0.816681707711421,0.958520397165237,14.0621052731521,-0.238152558287843,-6.99196558222618,"Q06187","BTK","Tyrosine-protein kinase BTK","NGSLKPGSSHRK",12,172,183,13.860427459183,14.3846083931807,14.175619718922,13.9486227470454,14.3690997324184,13.8668056157189,14.3393976983017,13.5522608204468,"Q06187","yes",0.0604286128613474,"no"
"25",81185,28642,-0.0303144295841911,0.0734877800005523,0.0149822284994997,0.844329998984901,0.966090410979428,17.5313962745416,-0.201644402777488,-7.00070238994818,"Q06187","BTK","Tyrosine-protein kinase BTK","GQYDVAIK",8,423,430,17.3450066762706,17.6440745499396,17.6327822521774,17.5643504789472,17.8671459909846,17.1375915761801,17.4050583408671,17.6551603309663,"Q06187","yes",0.0303144295841911,"no"
"26",84837,80452,0.032650943654307,0.0492456487568662,0.00985986557884243,0.892800348756951,0.977552598365441,16.7628060715864,0.138314414282431,-7.01244013746589,"Q06187","BTK","Tyrosine-protein kinase BTK","TKKPLPPTPEEDQILK",16,184,199,16.8937518287077,16.8728191425617,16.7208855035937,16.498465924174,17.2172477590459,17.2448747982323,16.4566897000589,16.1977139163171,"Q06187","yes",0.032650943654307,"no"
"27",85563,57015,-0.0141508820588783,0.0444730106732789,0.00881231976380523,0.902665802094052,0.979913363200575,17.047888574019,-0.125507859126574,-7.01428451185512,"Q06187","BTK","Tyrosine-protein kinase BTK","NAMGCQILENR",11,161,171,17.254659584666,17.1454943685327,16.9840957567748,16.8356063502204,17.0727816039281,17.1025293744806,16.8874229327865,17.1005186207631,"Q06187","yes",0.0141508820588783,"no"
