"","...1","Protein.Group","Protein.Ids","Protein.Names","Genes","First.Protein.Description","Proteotypic","Stripped.Sequence","Modified.Sequence","peptide.length","from","sum_0nM_R1","sum_0nM_R2","sum_0nM_R3","sum_0nM_R4","sum_02nM_R1","sum_02nM_R2","sum_02nM_R3","sum_02nM_R4","sum_2nM_R1","sum_2nM_R2","sum_2nM_R3","sum_2nM_R4","sum_2uM_R1","sum_2uM_R2","sum_2uM_R3","sum_2uM_R4","sum_20nM_R1","sum_20nM_R2","sum_20nM_R3","sum_20nM_R4","sum_20uM_R1","sum_20uM_R2","sum_20uM_R3","sum_20uM_R4","sum_100uM_R1","sum_100uM_R2","sum_100uM_R3","sum_100uM_R4","sum_200nM_R1","sum_200nM_R2","sum_200nM_R3","sum_200nM_R4","rep1","rep2","rep3","rep4","total_count","Ratio_0nM_0nM_R1","Ratio_02nM_0nM_R1","Ratio_2nM_0nM_R1","Ratio_20nM_0nM_R1","Ratio_200nM_0nM_R1","Ratio_2uM_0nM_R1","Ratio_20uM_0nM_R1","Ratio_100uM_0nM_R1","Ratio_0nM_0nM_R2","Ratio_02nM_0nM_R2","Ratio_2nM_0nM_R2","Ratio_20nM_0nM_R2","Ratio_200nM_0nM_R2","Ratio_2uM_0nM_R2","Ratio_20uM_0nM_R2","Ratio_100uM_0nM_R2","Ratio_0nM_0nM_R3","Ratio_02nM_0nM_R3","Ratio_2nM_0nM_R3","Ratio_20nM_0nM_R3","Ratio_200nM_0nM_R3","Ratio_2uM_0nM_R3","Ratio_20uM_0nM_R3","Ratio_100uM_0nM_R3","Ratio_0nM_0nM_R4","Ratio_02nM_0nM_R4","Ratio_2nM_0nM_R4","Ratio_20nM_0nM_R4","Ratio_200nM_0nM_R4","Ratio_2uM_0nM_R4","Ratio_20uM_0nM_R4","Ratio_100uM_0nM_R4","mean_Ratio_0nM_0nM","median_Ratio_0nM_0nM","mean_Ratio_02nM_0nM","median_Ratio_02nM_0nM","mean_Ratio_2nM_0nM","median_Ratio_2nM_0nM","mean_Ratio_20nM_0nM","median_Ratio_20nM_0nM","mean_Ratio_200nM_0nM","median_Ratio_200nM_0nM","mean_Ratio_2uM_0nM","median_Ratio_2uM_0nM","mean_Ratio_20uM_0nM","median_Ratio_20uM_0nM","mean_Ratio_100uM_0nM","median_Ratio_100uM_0nM","length","end","is.kinase.domain","mean_Ratio_0nM_0nM_log2","mean_Ratio_02nM_0nM_log2","mean_Ratio_2nM_0nM_log2","mean_Ratio_20nM_0nM_log2","mean_Ratio_200nM_0nM_log2","mean_Ratio_2uM_0nM_log2","mean_Ratio_20uM_0nM_log2","mean_Ratio_100uM_0nM_log2","pep"
"1",74325,"O14976","O14976","GAK_HUMAN","GAK","Cyclin-G-associated kinase",1,"LLSNEEEKNR","LLSNEEEKNR",10,71,65892.1,84341.3,NA,71344.9,56911.4,70272.5,74945.6,72322.9,62122.1,62390.2,67182.1,69571.2,16780.9,9618.47,13886.3,11447.2,64985.2,79145.8,NA,91021.9,9355.68,3527.87,0,6975.37,9610.84,4237.85,0,6818.68,43948.6,48789.4,NA,45131.8,1,1,0,1,3,1,0.86370596778673,0.942785250432146,0.98623658981881,0.666978287230184,0.25467241141199,0.141984850991242,0.145857242370481,1,0.83319204233276,0.739734862991204,0.93839909984788,0.578475788255576,0.114042230793218,0.0418284992050158,0.0502464391703709,NA,NA,NA,NA,NA,NA,NA,NA,1,1.01370805761869,0.975139077915871,1.27580107337735,0.632586211488137,0.160448749665358,0.0977697074352897,0.0955734747683436,1,1,0.903535355912728,0.86370596778673,0.885886397113073,0.942785250432146,1.06681225434801,0.98623658981881,0.626013428991299,0.632586211488137,0.176387797290189,0.160448749665358,0.0938610192105157,0.0977697074352897,0.097225718769732,0.0955734747683436,10,80,"in",0,-0.146347039119057,-0.174806390271583,0.0933063021664276,-0.675734489276835,-2.50317733783476,-3.41333006350216,-3.36251819452825,"71_80"
"2",4341,"O14976","O14976","GAK_HUMAN","GAK","Cyclin-G-associated kinase",1,"AIIQEVCFMKK","AIIQEVC(UniMod:4)FMKK",11,81,169060,164432,177638,192409,173440,167341,195271,176716,160027,171589,144339,162187,28393,30632.4,35109.9,21205.2,176841,179447,168025,159496,13101.9,9599.44,14207.3,15187.4,10512,14775.1,15715.5,15112.5,114654,113107,104919,87323.8,1,1,1,1,4,1,1.02590796167041,0.94656926534958,1.04602507985331,0.678185259671123,0.167946291257542,0.0774985212350645,0.0621791080089909,1,1.01769120365866,1.04352559112581,1.09131434270702,0.68786489247835,0.186292205896662,0.0583793908728228,0.0898553809477474,1,1.09926367106137,0.812545739087357,0.945884326551751,0.590633760794425,0.197648588702868,0.0799789459462502,0.0884692464450174,1,0.918439366141916,0.842928345347671,0.828942513084107,0.453844674625407,0.110208981908331,0.078932898149255,0.0785436232192881,1,1,1.01532555063309,1.02179958266453,0.911392235227606,0.894748805348625,0.978041565549045,0.995954703202529,0.602632146892326,0.634409510232774,0.165524016941351,0.177119248577102,0.0736974390508481,0.0782157096921597,0.0797618396552609,0.0835064348321527,11,91,"in",0,0.0219423825622765,-0.133856015577413,-0.0320323156636237,-0.730650460579089,-2.59488753278943,-3.76224170251455,-3.64815750482655,"81_91"
"3",41255,"O14976","O14976","GAK_HUMAN","GAK","Cyclin-G-associated kinase",1,"GPLSCDTVLK","GPLSC(UniMod:4)DTVLK",10,141,513446,506109,515454,515283,482244,512914,452693,497208,434139,446362,431282,461193,131688,137864,127602,120544,435515,460965,448824,467992,97303.7,112619,73076.3,101532,97703.8,87745.4,108109,109157,282672,273409,273081,257015,1,1,1,1,4,1,0.939230220899569,0.845539745172813,0.848219676460621,0.550538907694285,0.256478772840766,0.189511068349934,0.190290312905349,1,1.01344572019071,0.881948354998627,0.910801823322644,0.540217621105335,0.27239981901132,0.222519259685167,0.173372534375006,1,0.878241317362946,0.836703178169148,0.870735312947421,0.529787333108289,0.24755264291285,0.141770749669224,0.20973549531093,1,0.964922188389681,0.895028557122979,0.908223248195652,0.498784163265623,0.233937467372298,0.19704123753355,0.211838931228082,1,1,0.948959861710726,0.952076204644625,0.864804958865892,0.86374405008572,0.884495015231584,0.889479280571536,0.529832006293383,0.535002477106812,0.252592175534308,0.252015707876808,0.187710578809468,0.193276152941742,0.196309318454842,0.20001290410814,10,150,"in",0,-0.0755810282263563,-0.209553299253838,-0.17707408257755,-0.916393097676572,-1.98511814496493,-2.41341813642934,-2.34879943828547,"141_150"
"4",50030,"O14976","O14976","GAK_HUMAN","GAK","Cyclin-G-associated kinase",1,"IFYQTCR","IFYQTC(UniMod:4)R",7,151,390315,414069,422233,439895,391705,461764,420244,373751,347736,338286,385158,317701,96480.7,112186,124419,55870.9,267944,376245,355514,364983,70367.2,61859.6,74996,62838.1,72264.2,67074.4,45500.9,44128.4,236121,204635,195936,233347,1,1,1,1,4,1,1.0035612261891,0.890911187118097,0.686481431664169,0.604949848199531,0.24718675941227,0.180283104671868,0.185143281708364,1,1.11518611632361,0.81697977873253,0.908652905675141,0.49420507210151,0.270935520408434,0.149394424600731,0.161988460860388,1,0.995289330772346,0.912193030862107,0.841985349321346,0.464047101955555,0.294669057131963,0.177617571340942,0.107762538693091,1,0.849636845156231,0.722220075245229,0.829704815921981,0.530460678116369,0.127009627297423,0.142847952352266,0.100315757169325,1,1,0.990918379610322,0.999425278480725,0.835576017989491,0.853945482925313,0.816706125645659,0.835845082621664,0.523415675093241,0.512332875108939,0.234950241062522,0.259061139910352,0.162535763241452,0.163505997970836,0.138802509607792,0.13487549977674,7,157,"in",0,-0.0131618651051338,-0.259157008925782,-0.292111046311994,-0.933970964462712,-2.08957284692051,-2.621170901212,-2.84889444220185,"151_157"
"5",16836,"O14976","O14976","GAK_HUMAN","GAK","Cyclin-G-associated kinase",1,"DLKVENLLLSNQGTIK","DLKVENLLLSNQGTIK",16,173,187150,234664,254793,NA,219657,276395,212697,249247,193333,212878,191590,178160,49924.8,42157,31022,42242.4,207791,181699,196612,NA,30857.5,20803.8,25002.3,0,44884.8,15307.7,22191.6,42027.7,135707,143826,147380,NA,1,1,1,0,3,1,1.17369489714133,1.03303767031793,1.11029121025915,0.725124231899546,0.2667635586428,0.164881111407962,0.239833288805771,1,1.17783298673849,0.907160876828146,0.774294310162616,0.612901851157399,0.179648348276685,0.0886535642450482,0.0652324174138342,1,0.834783530159777,0.751943734717987,0.771653852342882,0.578430333643389,0.121753737347572,0.0981278920535494,0.0870965842860675,NA,NA,NA,NA,NA,NA,NA,NA,1,1,1.06210380467986,1.17369489714133,0.897380760621353,0.907160876828146,0.885413124254883,0.774294310162616,0.638818805566778,0.612901851157399,0.189388548089019,0.179648348276685,0.117220855902186,0.0981278920535494,0.130720763501891,0.0870965842860675,16,188,"in",0,0.0869247747845355,-0.156207841175873,-0.175577336589256,-0.646521311414061,-2.40057899805511,-3.09269881838819,-2.93543977990515,"173_188"
"6",97499,"O14976","O14976","GAK_HUMAN","GAK","Cyclin-G-associated kinase",1,"RALVEEEITR","RALVEEEITR",10,211,24630.4,25700,21450.4,20121.2,12508.7,16189.4,11781.1,15983.6,10180.7,19397.6,11751.2,9238.4,29698.4,14113.5,14372.4,13691.1,11794.3,12096.5,12305.1,16605,15186.7,21842.6,17178,8134.52,14861.5,5275.56,10305,15997,21405.5,16140.9,14738.9,21246.5,1,1,1,1,4,1,0.507856145251397,0.413338800831493,0.478851338183708,0.869068305833442,1.20576198518903,0.616583571521372,0.603380375470963,1,0.629937743190661,0.754770428015564,0.47068093385214,0.628050583657587,0.549163424124514,0.849906614785992,0.205274708171206,1,0.54922518927386,0.547831275873643,0.573653638160594,0.687115391787566,0.670029463320031,0.800824227054041,0.480410621713348,1,0.794366141184422,0.459137625986522,0.82524899111385,1.05592608790728,0.68043158459734,0.404276086913305,0.795032105441027,1,1,0.620346304725085,0.58958146623226,0.543769532676806,0.503484450930082,0.587108725327573,0.526252488172151,0.810040092296469,0.778091848810504,0.77634661430773,0.675230523958686,0.667897625068678,0.708703899287706,0.521024452699136,0.541895498592155,10,220,"in",0,-0.688854278370464,-0.878932775241233,-0.768300397402169,-0.303934780068033,-0.3652271807533,-0.582301110637904,-0.940577012287726,"211_220"
"7",6427,"O14976","O14976","GAK_HUMAN","GAK","Cyclin-G-associated kinase",1,"ALVEEEITR","ALVEEEITR",9,212,965108,960508,804742,1053130,910561,1081440,809163,1059880,773567,886602,643374,914895,548829,1095060,910040,1122220,589658,787248,842104,1004140,604868,902735,734554,1019170,870648,982768,920212,1116980,664267,957501,897616,1038210,1,1,1,1,4,1,0.943480936848519,0.801534128822888,0.610976180904106,0.688282554905772,0.568671071009669,0.62673607513356,0.902124943529636,1,1.12590420902273,0.923055299903801,0.81961628638179,0.996869364961042,1.14008420544129,0.939851620184319,1.02317523643739,1,1.0054936861752,0.799478590653899,1.04642730216641,1.11540841661054,1.13084690497079,0.912781984785186,1.14348698092059,1,1.00640946511827,0.868738902129842,0.953481526497204,0.985832708212661,1.06560443629941,0.96775326882721,1.06062879226686,1,1,1.02032207429118,1.00595157564673,0.848201730377607,0.835136515476365,0.857625323987377,0.886548906439497,0.946598261172504,0.991351036586851,0.976301654430289,1.0982256706351,0.861780737232569,0.926316802484752,1.03235398828862,1.04190201435212,9,220,"in",0,0.0290246243914726,-0.237520668773757,-0.221580588518451,-0.0791758229274068,-0.0346011191165062,-0.214607243607357,0.0459377474868897,"212_220"
"8",88778,"O14976","O14976","GAK_HUMAN","GAK","Cyclin-G-associated kinase",1,"NTTPMYR","NTTPMYR",7,221,543286.7,582707.3,579311.9,620014.3,595739.5,583729.2,586681.4,596856.1,560053.2,543242.1,559312.8,578256.7,545301.3,631287.1,642664.7,612637.9,530096.1,553381.5,524798.8,547463.2,576060.2,579245.7,590749.2,586849.9,559695.1,592010.6,595896.6,581104.7,596912.9,525745.9,573623.1,598339.5,1,1,1,1,4,1,1.0965471821784,1.03086123772218,0.975720738240049,1.09870699945351,1.00370817102646,1.06032450269811,1.03020210139508,1,1.0017537106537,0.932272686475697,0.949673189266721,0.902246977170185,1.08336912889198,0.994059453176578,1.01596564861981,1,1.01272112656412,0.965477836723188,0.905900258565377,0.990180073980873,1.10935870642395,1.01974290533303,1.02862827433719,1,0.962648926000578,0.932650585639718,0.882984795673261,0.965041451463297,0.988102855047053,0.946510265972898,0.937244028081288,1,1,1.0184177363492,1.00723741860891,0.965315586640196,0.949064211181453,0.928569745436352,0.927786723916049,0.989043875516966,0.977610762722085,1.04613471534736,1.04353864995922,1.00515928179516,1.00690117925481,1.00301001310834,1.0222969614785,7,227,"in",0,0.0263294499609178,-0.0509274210571447,-0.10691781895802,-0.0158935722986259,0.0650686457045277,0.00742413508367154,0.0043360085319924,"221_227"
"9",6664,"O14976","O14976","GAK_HUMAN","GAK","Cyclin-G-associated kinase",1,"AMLQVNPEER","AMLQVNPEER",10,294,421600.3,438582.8,383208.3,425380.5,426178.2,363489.7,434245.8,362194.4,372245.8,380570.9,351934.8,332164.5,123645.7,99618.1,92905.7,86057.42,367649.2,349075.1,360702.9,342582.4,92398.41,98475.9,77941.7,62425.6,87911.7,79269,64895.8,79655.04,222030.9,233867.7,192865.1,160152.1,1,1,1,1,4,1,1.01085838885788,0.882935329979604,0.872032586314573,0.526638382373068,0.293277068351232,0.219161158092155,0.208519064146776,1,0.828782387271001,0.867728739020317,0.795916073316145,0.533235001463806,0.22713635828856,0.224532060992816,0.180738961947436,1,1.1331847457375,0.918390337578805,0.941271105036086,0.503290508060499,0.242441773834231,0.203392515245625,0.169348628409145,1,0.851459810687138,0.780864426084412,0.805355205516003,0.376491400052424,0.202306922860827,0.146752378164961,0.187255974357076,1,1,0.956071333138381,0.93115909977251,0.862479708165784,0.875332034499961,0.853643742545702,0.838693895915288,0.484913822987449,0.514964445216783,0.241290530833713,0.234789066061395,0.198459528123889,0.21127683666889,0.186465657215108,0.183997468152256,10,303,"in",0,-0.0648098321983561,-0.213437580454667,-0.228293990026736,-1.04419971500092,-2.05115679511197,-2.33308326650226,-2.42301815195548,"294_303"
"10",126320,"O14976","O14976","GAK_HUMAN","GAK","Cyclin-G-associated kinase",1,"VIQSVANYAK","VIQSVANYAK",10,396,981444,946031,1003810,991549,1043860,951669,976963,901906,911756,891917,1017930,864031,980802,1037310,956868,977031,891878,911744,860999,850647,1078090,1010950,914898,898990,1002370,988778,931148,927487,923125,923989,893447,923269,1,1,1,1,4,1,1.063596089028,0.92899442046617,0.908740590395377,0.940578372275953,0.999345861811779,1.09847326999808,1.02132164443412,1,1.0059596355722,0.942798914623305,0.963757001620454,0.976700552096073,1.09648626736333,1.06862248700095,1.04518562288128,1,0.973254898835437,1.01406640698937,0.857731044719618,0.890055887070262,0.95323617019157,0.91142546896325,0.927613791454558,1,0.909592970191085,0.871395160501397,0.857897088293166,0.931138047640611,0.985358262677891,0.906652117041114,0.935391997773181,1,1,0.98810089840668,0.989607267203816,0.939313725645061,0.935896667544738,0.897031431257154,0.883318839344271,0.934618214770725,0.935858209958282,1.00860664051114,0.992352062244835,0.996293335750851,0.990023977982102,0.982378264135785,0.97835682110365,10,405,"out",0,-0.0172697269654733,-0.0903210042722012,-0.156769557987668,-0.0975509407326656,0.0123636289216134,-0.00535752154274288,-0.0256494545481855,"396_405"
"11",36958,"O14976","O14976","GAK_HUMAN","GAK","Cyclin-G-associated kinase",1,"GDLDISYITSR","GDLDISYITSR",11,406,1331270,1562550,1536780,1615420,1317420,1485810,1522570,1594360,1147220,1372780,1237700,1433240,1219360,1423950,1584750,1555940,1241010,1380740,1433980,1472450,1041660,1272750,1483690,1518040,1195830,1353620,1514280,1567710,1242090,1317990,1593140,1555620,1,1,1,1,4,1,0.989596400429665,0.86174855589024,0.932200079623217,0.933011335040976,0.915937413146845,0.782455850428538,0.898262561313633,1,0.950887971584909,0.878551086365236,0.883645323349653,0.84348660842853,0.91129883843717,0.814533934914083,0.86628907874948,1,0.990753393459051,0.805385286117727,0.933106885826208,1.03667408477466,1.03121461757701,0.965453740938846,0.985358997384141,1,0.986963142712112,0.887224375085117,0.911496700548464,0.962981763256614,0.963179854155576,0.939718463309851,0.970465885032994,1,1,0.979550227046434,0.988279771570888,0.85822732586458,0.870149821127738,0.915112247336886,0.921848390085841,0.944038447875195,0.947996549148795,0.955407680829151,0.93955863365121,0.87554049739783,0.877126199111967,0.930094130620062,0.934364223173314,11,416,"out",0,-0.0298086254133848,-0.220568257816794,-0.127979380185543,-0.0830824774301966,-0.0658116197428448,-0.191754184025459,-0.104551362638107,"406_416"
"12",87222,"O14976","O14976","GAK_HUMAN","GAK","Cyclin-G-associated kinase",1,"NNIEDVR","NNIEDVR",7,433,333243,398084,365215,403562,277512,415350,347575,364539,264147,328509,320615,354214,276026,349186,303168,400692,264181,339021,335353,338683,328464,254868,271272,407222,319000,200134,375139,346489,296986,353949,315460,370111,1,1,1,1,4,1,0.83276167841485,0.792655809724435,0.792757837373928,0.891199515068584,0.828302469969362,0.985659113619791,0.957259417302089,1,1.04337275549884,0.825225329327479,0.851631816400559,0.889131439595663,0.877166628148833,0.640236733955648,0.50274313963887,1,0.951699683747929,0.877880152786715,0.918234464630423,0.863765179414865,0.830108292375724,0.742773434826061,1.02717303506154,1,0.9033035816058,0.877718913079031,0.839234120159975,0.917110629841264,0.992888329426457,1.00906923843177,0.858576872946412,1,1,0.932784424816855,0.927501632676865,0.843370051229415,0.851472121203255,0.850464559641221,0.845432968280267,0.890301690980094,0.890165477332123,0.882116429980094,0.853637460262278,0.844434630208316,0.864216274222926,0.836438116237228,0.907918145124251,7,439,"out",0,-0.100384395571811,-0.245762303659161,-0.233676977393968,-0.167633798889641,-0.180959006146422,-0.243942350160911,-0.257669288276148,"433_439"
"13",69827,"O14976","O14976","GAK_HUMAN","GAK","Cyclin-G-associated kinase",1,"LFLDSKHPGHYAVYNLSPR","LFLDSKHPGHYAVYNLSPR",19,440,125858,131111,137245,132626,116404,118048,134398,90300.1,127249,129992,111466,100718,172342,147945,121125,153809,136202,135857,122775,106181,155165,138733,165417,158902,155619,144597,113037,159066,166104,105001,110334,177079,1,1,1,1,4,1,0.924883598976624,1.01105213812392,1.08218786251172,1.31977307759539,1.36933687171256,1.23285766498753,1.23646490489282,1,0.900366864717682,0.991465247004447,1.0361983357613,0.800855763437088,1.12839502406358,1.05813394757114,1.10285940920289,1,0.979256074902547,0.812168020692921,0.894568108127801,0.803919997085504,0.882545812233597,1.20526795147364,0.823614703632191,1,0.680862726765491,0.759413689623452,0.800604707975812,1.33517560659298,1.15971981361121,1.19812103207516,1.1993575920257,1,1,0.871342316340586,0.912625231847153,0.893524773861184,0.901816633848684,0.953389753594158,0.965383221944551,1.06493111117774,1.06184653734044,1.13499938040524,1.14405741883739,1.17359514902687,1.2016944917744,1.0905741524384,1.15110850061429,19,458,"out",0,-0.198688486206159,-0.162420364914171,-0.0688619745336132,0.0907601076560589,0.182691509950961,0.230934812857626,0.125087867840278,"440_458"
"14",46776,"O14976","O14976","GAK_HUMAN","GAK","Cyclin-G-associated kinase",1,"HPGHYAVYNLSPR","HPGHYAVYNLSPR",13,446,565612,631480,616520,637839,559616,632787,605606,650386,510970,546159,478939,578362,506920,614212,586949,620201,502440,505443,586470,604550,469804,564554,543546,597552,510579,578201,609049,643619,497403,564070,606827,582770,1,1,1,1,4,1,0.989399093371428,0.903393138759432,0.888312129162748,0.87940673111603,0.89623275319477,0.830611797486616,0.902701852153066,1,1.00206974092608,0.864887249002344,0.800410147589789,0.8932507759549,0.972654715905492,0.894017229365934,0.915628365110534,1,0.982297411276195,0.776842600402258,0.951258677739571,0.984277882307143,0.952035619282424,0.881635632258483,0.987881982741841,1,1.01967110822637,0.906752330917363,0.947809713736539,0.913663165783215,0.972347253774071,0.936838293048873,1.00906184789579,1,1,0.998359338450018,0.995734417148753,0.862968829770349,0.884140193880888,0.896947667057161,0.918060921449643,0.917649638790322,0.903456970869057,0.948317585539189,0.962191436528248,0.885775738039977,0.887826430812209,0.953818511975307,0.951755173926188,13,458,"out",0,-0.00236891811018376,-0.212619644345088,-0.15690428218388,-0.123984661140767,-0.0765578054333981,-0.174986613456384,-0.0682133116562445,"446_458"
"15",129646,"O14976","O14976","GAK_HUMAN","GAK","Cyclin-G-associated kinase",1,"VSECGWAAR","VSEC(UniMod:4)GWAAR",9,469,275405,237509,261714,213452,278740,244634,257902,208768,273874,210475,184371,225184,274897,338048,194699,215555,282128,258084,174372,184807,290839,342565,175303,230938,274555,329043,175606,221192,269664,256759,225197,232211,1,1,1,1,4,1,1.01210943882646,0.994440914289864,1.02441132150832,0.979154336341025,0.998155443800948,1.0560411031027,0.996913636281113,1,1.02999886320097,0.886176944873668,1.08662829619088,1.08104956022719,1.42330606419125,1.44232429086898,1.38539171147199,1,0.985434481915373,0.704475114055801,0.666269286320182,0.860469825840421,0.743938039233667,0.669826604614197,0.670984356969822,1,0.978055956374267,1.05496317673294,0.865801210576617,1.08788392706557,1.00985233214025,1.08192005696831,1.03626107977438,1,1,1.00139968507927,0.998771960370914,0.910014037488069,0.940308929581766,0.910777528649001,0.94510626604247,1.00213941236855,1.03010194828411,1.04381296984153,1.0040038879706,1.06252801388855,1.06898058003551,1.02238769612432,1.01658735802774,9,477,"out",0,0.00201790683483393,-0.13603929500655,-0.134829398171919,0.00308322264695147,0.0618632333115409,0.0875008788647346,0.0319423794577653,"469_477"
"16",7235,"O14976","O14976","GAK_HUMAN","GAK","Cyclin-G-associated kinase",1,"APHLHTLYNICR","APHLHTLYNIC(UniMod:4)R",12,479,248252,248404,260111,265260,254190,254298,257257,245174,204978,216688,212800,224903,175434,265335,241289,249314,208334,209986,209373,179346,103638,251002,233535,203619,218086,252788,273256,206065,217054,249729,236288,227481,1,1,1,1,4,1,1.0239192433495,0.825685190854454,0.839203712356799,0.874329310539291,0.706677086186617,0.417470956930861,0.87848637674621,1,1.02372747620811,0.872320896603919,0.845340654739859,1.00533405259175,1.06815912787234,1.01045876877989,1.01764866910356,1,0.989027761225015,0.818112267455048,0.80493712299749,0.908412177877906,0.927638585065607,0.89782823486896,1.05053611727301,1,0.924278066802383,0.847858704667119,0.676114001357159,0.857577471160371,0.939885395461057,0.767620447862475,0.776841589384001,1,1,0.990238136896253,1.00637761871656,0.840994264895135,0.836771947760787,0.791398872862827,0.822070417677144,0.911413253042328,0.891370744208598,0.910590048646404,0.933761990263332,0.773344602110546,0.832724341365717,0.930878188126694,0.948067522924883,12,490,"out",0,-0.0141525822146388,-0.249832132736978,-0.337523084310598,-0.133822745656659,-0.135126401889718,-0.370816673009833,-0.103335701413998,"479_490"
"17",87084,"O14976","O14976","GAK_HUMAN","GAK","Cyclin-G-associated kinase",1,"NMHAWLR","NMHAWLR",7,491,684437,752918,722606,850277,729263,791395,811184,775787,694631,753518,728560,754107,785333,834233,831513,782621,700781,802068,686312,728334,727247,772074,743381,809780,782763,767942,789736,822298,823561,865977,798670,778184,1,1,1,1,4,1,1.06549324481289,1.01489399316519,1.02387948050734,1.20326779528284,1.14741459038597,1.06254775823049,1.14365967941534,1,1.05110383866503,1.00079689952956,1.06527935313009,1.15016110652156,1.10799980874411,1.0254423456472,1.01995436422027,1,1.12258132370891,1.00823962159185,0.949773458842025,1.1052634492379,1.15071422047423,1.0287501072507,1.09289986521009,1,0.912393255374425,0.886895682230614,0.856584383677319,0.915212336685574,0.920430636133872,0.952371991715641,0.967094252814083,1,1,1.03789291564031,1.05829854173896,0.977706549129303,1.00451826056071,0.973879169039192,0.986826469674681,1.09347617193197,1.12771227787973,1.08163981393454,1.12770719956504,1.01727805071101,1.02709622644895,1.05590204041495,1.05642711471518,7,497,"out",0,0.0536576016494164,-0.0325265782207273,-0.0381853092755702,0.128921782791004,0.113220161677977,0.0247140622388169,0.0784759972314077,"491_497"
"18",88841,"O14976","O14976","GAK_HUMAN","GAK","Cyclin-G-associated kinase",1,"NVCVVHCMDGR","NVC(UniMod:4)VVHC(UniMod:4)MDGR",11,502,212722.3,230414.1,268659.9,230260.3,250479.9,234178,239300.7,207753,181936.4,194018.6,227414.5,197026.4,239686.6,277776.3,255907.9,239207.7,231307.2,208893,207311.9,207106.3,241307.3,236119.9,261823.3,190603.7,245139.8,201210.6,234153.9,182428.3,210923.8,237581.5,234279.4,215274.4,1,1,1,1,4,1,1.17749714063829,0.85527657420026,1.08736695682587,0.991545315183222,1.12675821951906,1.13437707283157,1.15239351962629,1,1.01633537183705,0.842043086772902,0.906598163914448,1.03110660328513,1.20555252478038,1.02476324148566,0.873256454357611,1,0.890719828303368,0.846477274799849,0.771651817037079,0.872029655337473,0.952534784685024,0.974552957103014,0.871562521984114,1,0.902252798246159,0.855668128635288,0.899444237673624,0.934917569376918,1.03885776228034,0.827774913869217,0.792269878915297,1,1,0.996701284756217,0.959294085041606,0.849866266102075,0.850876924500055,0.916265293862756,0.903021200794036,0.957399785795686,0.96323144228007,1.0809258228162,1.0828079908997,0.990367046322365,0.999658099294335,0.922370593720829,0.872409488170863,11,512,"out",0,-0.00476690678729768,-0.234692256473165,-0.126162720663223,-0.0628066116117351,0.112267523325094,-0.0139647840692893,-0.116581576010202,"502_512"
"19",97784,"O14976","O14976","GAK_HUMAN","GAK","Cyclin-G-associated kinase",1,"RCPPGIWPSHKR","RC(UniMod:4)PPGIWPSHKR",12,543,15696.3,NA,19377.3,21389.6,12956.5,29366,16984.5,20396.5,1366.65,14131.6,15342.2,8336.73,5975.86,2781.14,18540,20005.1,12413.2,NA,19808,27426.9,7559.01,17125.7,18607,14061.2,5805.53,13505.4,13608.4,19651.5,15045.4,NA,10805.3,19024.8,1,0,1,1,3,1,0.825449309709932,0.0870682899791671,0.790836056905131,0.958531628472952,0.380717748768818,0.481579098258825,0.369866146798927,NA,NA,NA,NA,NA,NA,NA,NA,1,0.87651530398972,0.791761494119408,1.02222703885474,0.557626707539234,0.956789645616262,0.960247299675393,0.702285664153417,1,0.953570894266373,0.389756236675768,1.28225399259453,0.88944159778584,0.935272281856603,0.657384897333284,0.91874088341998,1,1,0.885178502655341,0.87651530398972,0.422862006924781,0.389756236675768,1.0317723627848,1.02222703885474,0.801866644599342,0.88944159778584,0.757593225413895,0.935272281856603,0.699737098422501,0.657384897333284,0.663630898124108,0.702285664153417,12,554,"out",0,-0.175959680451026,-1.24174115117591,0.0451247078667293,-0.318565767399488,-0.400504664959467,-0.515115112894057,-0.591547036302021,"543_554"
"20",12566,"O14976","O14976","GAK_HUMAN","GAK","Cyclin-G-associated kinase",1,"CPPGIWPSHKR","C(UniMod:4)PPGIWPSHKR",11,544,137350.4,256245.4,212252.3,223974.7,139351.65,237152.3,208894.2,217508.7,120495.327,214080.3,190853.7,218487.3,107191.11,195154.8,220971.8,190788.7,115745,175463.4,196692,219898.1,113733,182805,169907.3,229812.6,156322.1,103521,231647.2,217270.2,175000.7,244476.5,153202,218270.6,1,1,1,1,4,1,1.01457039804762,0.877284136049112,0.8426986743395,1.27411860467825,0.780420806928848,0.82805000931923,1.13812628139416,1,0.925489003900168,0.835450314425156,0.684747511565086,0.954071760897952,0.761593378846996,0.713398172220848,0.403991642386556,1,0.984178734458944,0.899183189063205,0.926689604776956,0.721791942890607,1.04108082692155,0.800496861518108,1.0913766305477,1,0.971130667883471,0.975499911373918,0.981798837100798,0.974532391381705,0.851831479180461,1.02606499751981,0.970065815469336,1,1,0.973842201072551,0.977654701171207,0.896854387727848,0.888233662556158,0.858983656945585,0.884694139558228,0.981128674962129,0.964302076139828,0.858731622969463,0.816126143054654,0.842002510144499,0.814273435418669,0.900890092449438,1.03072122300852,11,554,"out",0,-0.0382400742978884,-0.157054325078056,-0.219297412031021,-0.0274857366732614,-0.219720774592149,-0.248103560684025,-0.150576985241462,"544_554"
"21",10624,"O14976","O14976","GAK_HUMAN","GAK","Cyclin-G-associated kinase",1,"AVVMTPVPLFSK","AVVMTPVPLFSK",12,579,223092.1,231366,239316.6,254371.1,239908.1,233298.5,203191.3,183867,166555.8,116746,170121.1,159150,167548,213542.4,161258,59850,149868,156658.3,85406.9,134770.7,155078,226644.1,205963.2,195073.4,248699.7,221655.5,72573.4,174800,238401.1,145241,118726,196274.4,1,1,1,1,4,1,1.07537694073434,0.746578655183218,0.671776365007994,1.06862188306982,0.751026145703949,0.695129948572809,1.11478488032521,1,1.00835256692859,0.504594452080254,0.677101648470389,0.627754294062222,0.922963616088794,0.979591210463076,0.958029701857663,1,0.849048081077535,0.710862096486412,0.356878294276285,0.496104323728484,0.673827055874937,0.860630645763812,0.303252678669177,1,0.72282975542426,0.62566069809031,0.529819228678101,0.771606522910818,0.235286162618316,0.766885074601635,0.687184982885241,1,1,0.913901836041182,0.928700324003062,0.646923975460048,0.668261397288361,0.558893884108192,0.600797796843048,0.741021755942835,0.69968040848652,0.645775745071499,0.712426600789443,0.825559219850333,0.813757860182724,0.765813060934323,0.822607342371452,12,590,"out",0,-0.129888883939009,-0.628331913846033,-0.839353706995365,-0.432412195095687,-0.630894839631047,-0.276556387174599,-0.384935829339543,"579_590"
"22",106679,"O14976","O14976","GAK_HUMAN","GAK","Cyclin-G-associated kinase",1,"SGCRPFCEVYVGDER","SGC(UniMod:4)RPFC(UniMod:4)EVYVGDER",15,593,352606,380445,402767,398602,370980,391677,396825,379203,356830,303750,289334,336612,407619,345271,316051,338283,348406,350992,270045,332864,417872,322640,361562,338954,367061,353728,393843,381978,390227,335301,343119,362597,1,1,1,1,4,1,1.05210915299229,1.01197937641447,0.98808868822425,1.10669415721797,1.15601833207603,1.18509611294192,1.04099476469487,1,1.02952332137365,0.798407128494263,0.922582764920028,0.881338958325119,0.907545111645573,0.848059509258894,0.929774343203354,1,0.985247053507363,0.718365705234044,0.67047449269677,0.851904450960481,0.784699342299642,0.897695193498971,0.97784326918541,1,0.951332406761632,0.844481462712179,0.835078599705972,0.909671802951315,0.848673614281915,0.850356997706986,0.958294238363079,1,1,1.00455298365874,1.00738518744051,0.843308418213738,0.821444295603221,0.854056136386755,0.878830682313,0.937402342363722,0.895505380638217,0.92423410007579,0.878109362963744,0.945301953351694,0.874026095602978,0.976726653861679,0.968068753774245,15,607,"out",0,0.00655365889035095,-0.245867738865363,-0.227597194801432,-0.0932596950861036,-0.11366977545144,-0.0811528586535655,-0.0339732279803439,"593_607"
"23",123793,"O14976","O14976","GAK_HUMAN","GAK","Cyclin-G-associated kinase",1,"VASTSQEYDK","VASTSQEYDK",10,608,44501.6,45923.3,32037.7,36053.6,42004.2,35855,26816.9,43614.5,42690.4,40268.9,43560.6,39815.7,43273.9,40964.2,35752.9,41966.8,35276.8,34221.2,32570.9,30284.4,40340.3,34851.8,32931.9,36780.2,53202,38190.7,42688.6,46008.3,39492.1,30341.4,40337.4,28415.3,1,1,1,1,4,1,0.943880669459076,0.959300339763065,0.792708576770274,0.887431013716361,0.972412227874953,0.906491002570694,1.19550757725565,1,0.780758351425094,0.876872959913595,0.74518163982118,0.660697293095226,0.89201342238036,0.758913231409764,0.83161924339061,1,0.837041984911526,1.35966689244234,1.01664289259216,1.25906041944334,1.11596338064218,1.02791086750922,1.33244895857068,1,1.20971276100029,1.10434741606941,0.839982692435707,0.78814043535181,1.16401136086272,1.02015332726829,1.27610834979031,1,1,0.942848441698996,0.890461327185301,1.0750469020471,1.03182387791624,0.848628950404831,0.81634563460299,0.898832290401685,0.837785724534085,1.03610009794005,1.04418780425857,0.928367107189491,0.963322164919492,1.15892103225181,1.23580796352298,10,617,"out",0,-0.0849022115606683,0.104399602953984,-0.236794198849976,-0.153876140857319,0.0511633889566161,-0.107232687171862,0.212782265861187,"608_617"
"24",123794,"O14976","O14976","GAK_HUMAN","GAK","Cyclin-G-associated kinase",1,"VASTSQEYDKMR","VASTSQEYDKMR",12,608,113006.8,100728,99708.4,104410.6,109279.4,118690.1,106321,96597.4,103712.2,89389.7,115828.5,81167.9,121535.12,110059.64,114422.5,108299.1,100744.79,87353.8,86474.2,104435.9,109776.94,120043.9,89279.5,121548.58,111790.04,115877.4,90060.01,133175.7,110584.98,117696.37,92927.3,107789.8,1,1,1,1,4,1,0.967016144161236,0.917751852100935,0.891493166782884,0.978569254239568,1.07546731701101,0.971418888066913,0.989232860323449,1,1.17832280994361,0.887436462552617,0.867224604876499,1.16845733063299,1.092641966484,1.19176296561036,1.15039909459137,1,1.06631938733346,1.16167243682578,0.867270962125558,0.931990684836985,1.14757131796318,0.895406003907394,0.903233930140289,1,0.925168517372757,0.777391375971405,1.00024231256213,1.03236453003814,1.03724238726719,1.16414023097272,1.2754998055753,1,1,1.03420671470277,1.01666776574735,0.936063031862685,0.902594157326776,0.906557761586769,0.879382064454221,1.02784544993692,1.00546689213885,1.08823074718135,1.0840546417475,1.05568202213935,1.06777955951982,1.0795914226576,1.06981597745741,12,619,"out",0,0.0485245768232601,-0.0953224147646164,-0.14152915026271,0.0396233526914572,0.121984496402681,0.0781753515863747,0.110485419766144,"608_619"
"25",14637,"O14976","O14976","GAK_HUMAN","GAK","Cyclin-G-associated kinase",1,"DFKIEDGK","DFKIEDGK",8,620,92403.4,99760.3,102322,86666.3,64060.7,75541.6,90328.4,80087.5,72157.9,76363.8,74921.1,83287.3,89457.5,91885.4,93882.5,88057.3,88032.3,77570.1,78120.5,83190.2,80412.5,91691.8,83718.8,75507.5,79589.8,94131.8,97324.1,84960.5,101417,87109,93384.2,101522,1,1,1,1,4,1,0.693272109034949,0.780900919230245,0.952695463586838,1.09754619418766,0.96811913847326,0.870233129949764,0.861329777908605,1,0.757231082905725,0.76547283839363,0.777564822880444,0.873183019698217,0.921061785098882,0.919121133356656,0.943579760686365,1,0.882785715681867,0.732209104591388,0.763477062606282,0.912650260940951,0.917520181388167,0.818189636637282,0.951155176794824,1,0.924090448074973,0.961011373509657,0.959890984154164,1.17141264828428,1.01605006790413,0.871244070647991,0.980317609036038,1,1,0.814344838924378,0.820008399293796,0.80989855893123,0.773186878811937,0.863407083306932,0.865130143233641,1.01369803077778,1.00509822756431,0.955687793216111,0.944590461786071,0.869696992647923,0.870738600298878,0.934095581106458,0.947367468740595,8,627,"out",0,-0.296288253642534,-0.30418687539833,-0.211887166310991,0.0196279537411563,-0.065388703399898,-0.201415249497986,-0.0983579139748618,"620_627"
"26",81399,"O14976","O14976","GAK_HUMAN","GAK","Cyclin-G-associated kinase",1,"MFQIQFHTGFVPR","MFQIQFHTGFVPR",13,664,74135.2,113604,73463.3,36953.5,60994.1,95212.1,99410.2,31818.5,84298.4,79539.7,74730.3,74354.6,80141.1,59008.4,76633.5,70354.4,79854.6,94497.8,71942.8,59468.4,77956.7,74039.7,71575.8,44486.8,91681.9,75724.7,58006.9,46611.7,94949.3,100024,51389.7,57721.9,1,1,1,1,4,1,0.822741423777099,1.13709007327154,1.0771482372746,1.28075866794721,1.08101279823889,1.05154771282737,1.2366851374246,1,0.838105172353086,0.700148762367522,0.831817541635858,0.880461955564945,0.519421851343263,0.65173497412063,0.666567198338087,1,1.35319540505259,1.01724670685907,0.979302590545211,0.699528880406951,1.04315352019308,0.974306898818866,0.789603788558369,1,0.861041579282071,2.01211251978838,1.60927652319807,1.56201442353228,1.90386296291285,1.20385890375742,1.26136089950884,1,1,0.968770895116212,0.849573375817579,1.21664951557163,1.0771683900653,1.12438622316344,1.02822541390991,1.10569098186285,1.08061031175608,1.13686278317202,1.06208315921598,0.970362122381074,1.01292730582312,0.988554255957474,1.01314446299148,13,676,"out",0,-0.0457725722397694,0.282913625758487,0.169137681940502,0.14494823798955,0.185058134631601,-0.0434048582371716,-0.0166079456726629,"664_676"
"27",20852,"O14976","O14976","GAK_HUMAN","GAK","Cyclin-G-associated kinase",1,"EAPPWENSSMR","EAPPWENSSMR",11,718,1990388,2482830,1954657,2189622,2420115,2552159,2120052,2358684,2464115,2337446,1850522,2000089,2613492,2695480,2181496,2479076,2554407,2419444,2048408,2362139,2372087,2537399,1914088,2437772,2222344,2589544,2181134,2503381,2595586,2594808,2104987,2437817,1,1,1,1,4,1,1.2159011207865,1.23800736338844,1.28337138286605,1.30406031386845,1.31305654977823,1.19177115215727,1.1165380820222,1,1.02792337775844,0.941444239033683,0.974470261757752,1.04510095334759,1.08564823205777,1.02197854867228,1.04298079208001,1,1.08461586866647,0.946724668317766,1.04796289067596,1.07690863409795,1.11605053981338,0.979244951927627,1.1158653410803,1,1.07721058703283,0.91344031070203,1.07878848495311,1.11335061485498,1.13219359323207,1.11333006336253,1.1432936826539,1,1,1.10141273856106,1.08091322784965,1.00990414536048,0.944084453675725,1.09614825506322,1.06337568781454,1.13485512904224,1.09512962447647,1.16173722872036,1.12412206652273,1.07658117902993,1.06765430601741,1.1046694744591,1.11620171155125,11,728,"out",0,0.139355199412756,0.0142183666645007,0.132442937330962,0.182508140730207,0.216283785013845,0.106457109257337,0.14361476881142,"718_728"
"28",51992,"O14976","O14976","GAK_HUMAN","GAK","Cyclin-G-associated kinase",1,"ILFSSREEQQDILSK","ILFSSREEQQDILSK",15,734,114026,119319,166438,121378,112322,111242,113288,125910,96311.8,130086,154141,123434,119000,142929,148498,124890,130308,110765,113113,105013,127402,136245,148675,125144,103901,123082,118243,123691,136263,127348,140043,177965,1,1,1,1,4,1,0.98505603985056,0.84464771192535,1.1427919948082,1.19501692596425,1.04362163015453,1.11730657920123,0.911204462140214,1,0.93230751179611,1.09023709551706,0.928309824923105,1.06729020524812,1.19787292887134,1.14185502727981,1.0315373075537,1,0.68066186808301,0.92611663201913,0.679610425503791,0.841412417837273,0.89221211502181,0.893275574087648,0.710432713683173,1,1.03733790307964,1.01693881922589,0.865173260393152,1.46620474880127,1.02893440326913,1.03102703949645,1.01905617162913,1,1,0.908840830702329,0.958681775823335,0.969485064671857,0.97152772562251,0.903971376407063,0.896741542658129,1.14248107446273,1.13115356560619,1.0406602693292,1.03627801671183,1.04586605501629,1.07416680934884,0.918057663751553,0.96513031688467,15,748,"out",0,-0.137900443882211,-0.0447094217124023,-0.145651003407703,0.192170266810771,0.0574991678226568,0.0646980961952286,-0.123343321862979,"734_748"
"29",22314,"O14976","O14976","GAK_HUMAN","GAK","Cyclin-G-associated kinase",1,"EEQQDILSK","EEQQDILSK",9,740,397388,420077,401472,408316,436007,433365,397266,406830,454331,369387,416967,344032,472203,405415,481020,443515,387067,358349,341805,312021,442289,406906,466081,369423,363369,425175,366536,353359,450647,379408,429737,384000,1,1,1,1,4,1,1.09718209910717,1.14329320462621,0.974027902201375,1.13402266802218,1.18826688274432,1.11299032683423,0.914393489486346,1,1.03163229598383,0.879331646341028,0.853055511251509,0.903186796706318,0.965096875096708,0.968646224382673,1.01213587032854,1,0.989523553323769,1.03859546867527,0.851379423720708,1.07040341543121,1.19814084170253,1.16093027658218,0.912980232743504,1,0.996360661840339,0.842563112883159,0.764165499270173,0.940448084326845,1.08620529197974,0.904747793375719,0.865405715181379,1,1,1.02867465256378,1.01399647891209,0.975945858131418,0.958963557508151,0.860657084110941,0.852217467486108,1.01201524112164,1.00542574987903,1.10942747288083,1.13723608736203,1.0368286552937,1.04081827560845,0.926228826934941,0.913686861114925,9,748,"out",0,0.0407867612873983,-0.0351269802671318,-0.216489562952799,0.0172310174285013,0.149815356642407,0.0521774962892957,-0.110559436281408,"740_748"
"30",32976,"O14976","O14976","GAK_HUMAN","GAK","Cyclin-G-associated kinase",1,"FGKPELPR","FGKPELPR",8,749,133385,242767,202412,274640,186131,223631,215650,238190,116075,173960,158930,215595,188515,215006,179455,222307,99382,190390,252477,273407,186586,250999,209370,202729,161771,160685,277197,314053,147849,191729,234094,217384,1,1,1,1,4,1,1.39544176631555,0.870225287701016,0.745076282940361,1.10843798028264,1.41331484049931,1.39885294448401,1.21281253514263,1,0.921175448063369,0.716571856965733,0.784249918646274,0.789765495310318,0.885647555063085,1.03390905683227,0.661889795565295,1,1.06540126079481,0.785180720510642,1.24734205481888,1.15652234057269,0.886582811295773,1.03437543228662,1.36946920143075,1,0.86728080396155,0.785009466938538,0.995510486454996,0.791523448878532,0.809448732886688,0.738162685697641,1.14350786484125,1,1,1.06232481978382,0.993288354429092,0.789246833028982,0.78509509372459,0.943044685715129,0.889880202550635,0.961562316261046,0.949980714580586,0.998748484936213,0.886115183179429,1.05132502982514,1.03414224455945,1.09691984924498,1.17816019999194,8,756,"out",0,0.0872249565764011,-0.34145152836722,-0.0846019609623866,-0.0565477371167633,-0.00180668535905808,0.072208764850446,0.133458113415416,"749_756"
"31",33925,"O14976","O14976","GAK_HUMAN","GAK","Cyclin-G-associated kinase",1,"FLHTLDWQEEK","FLHTLDWQEEK",11,791,73383.8,73858.5,89290.5,NA,51856.6,51171.1,52695.4,87601.8,52287.1,69894.1,47577.5,0,74072.9,59162.2,62317.4,72920,66905.7,78588.1,80411.2,NA,53123.8,60149.1,65759.6,61130.9,59619.7,72283.5,88606.4,58132.6,47042.7,76077.4,88813.1,NA,1,1,1,0,3,1,0.706649151447595,0.712515568831268,0.911723023337576,0.641050204541057,1.00939035590961,0.723917267843857,0.812436804853387,1,0.692826147295166,0.94632439055762,1.06403596065449,1.03004258142259,0.801020870989798,0.814382907857592,0.978675440199842,1,0.590156847592969,0.532839439806026,0.900557170135681,0.994653406577408,0.697917471623521,0.736468045312771,0.992338490656901,NA,NA,NA,NA,NA,NA,NA,NA,1,1,0.663210715445243,0.692826147295166,0.730559799731638,0.712515568831268,0.958772051375917,0.911723023337576,0.88858206418035,0.994653406577408,0.836109566174311,0.801020870989798,0.758256073671407,0.736468045312771,0.927816911903376,0.978675440199842,11,801,"out",0,-0.592460778351005,-0.452925725698055,-0.0607402404779663,-0.170423073705112,-0.258236085333756,-0.399242945927762,-0.108087951548539,"791_801"
"32",33926,"O14976","O14976","GAK_HUMAN","GAK","Cyclin-G-associated kinase",1,"FLHTLDWQEEKEAETGAENASSK","FLHTLDWQEEKEAETGAENASSK",23,791,141068,160172,152430,138328,163098,156998,160684,129422,140666,121198,119642,137328,125914,155497,158843,171420,147891,148977,123322,152386,149424,165514,153449,160187,147469,150287,142302,174383,147833,132922,143109,151620,1,1,1,1,4,1,1.15616582073893,0.997150310488559,1.04836674511583,1.04795559588284,0.892576629710494,1.05923384467066,1.04537528000681,1,0.980183802412407,0.756674075368978,0.930106385635442,0.829870389331469,0.970812626426591,1.0333516469795,0.938285093524461,1,1.05414944564718,0.784897985960769,0.809040215180739,0.938850619956701,1.04207177064882,1.00668503575412,0.933556386538083,1,0.93561679486438,0.992770805621422,1.10162801457406,1.09609045168006,1.23922850037592,1.15802295992135,1.26064860331965,1,1,1.03152896591573,1.01716662402979,0.882873294359932,0.888834395791095,0.972285340126517,0.989236565375636,0.978191764212768,0.993403107919769,1.03617238179046,1.00644219853771,1.0643233718314,1.04629274582508,1.04446634084725,0.991830186765633,23,813,"out",0,0.0447843334844441,-0.179721690666009,-0.0405483259389404,-0.0318107767864053,0.0512640355207883,0.0899365493900877,0.0627660006145035,"791_813"
"33",7404,"O14976","O14976","GAK_HUMAN","GAK","Cyclin-G-associated kinase",1,"APSFAQKPK","APSFAQKPK",9,1166,481113,472649,442853,469805,500461,430627,499014,468218,418142,455269,426453,388950,453905,467894,505852,470970,372198,444418,422476,405181,430877,498425,439660,425246,443358,483718,462798,442760,461148,460675,478192,462617,1,1,1,1,4,1,1.0402150846059,0.869113908790658,0.773618671704984,0.958502472392141,0.943447797087171,0.895583781772681,0.921525712254709,1,0.911092586676371,0.963228526877239,0.940270687127234,0.974666189921062,0.989939680397081,1.05453518361406,1.02341906996524,1,1.1268163476368,0.962967395501442,0.953986988910541,1.07979848843747,1.14225713724419,0.992789932550982,1.04503751809291,1,0.99662200274582,0.82789668053767,0.862445056991731,0.984700035120954,1.00247975223763,0.905154266131693,0.942433562861187,1,1,1.01868650541622,1.01841854367586,0.905801627926752,0.91604065214605,0.882580351183623,0.901357872059482,0.999416796467907,0.979683112521008,1.01953109174152,0.996209716317356,0.962015791017353,0.948972099341337,0.983103965793512,0.982926316413213,9,1174,"out",0,0.0267101391710635,-0.14273296265352,-0.180200465821244,-0.000841630288319401,0.0279057726250612,-0.0558675195662133,-0.024584101512273,"1166_1174"
"34",19096,"O14976","O14976","GAK_HUMAN","GAK","Cyclin-G-associated kinase",1,"DTDPLKLK","DTDPLKLK",8,1212,160063,136305,165079,124392,164583,149753,149165,124133,151047,132306,137837,130075,173499,136664,133524,108489,173082,138377,134633,109422,179030,178711,153023,114606,180048,181228,138942,137030,169800,144979,130338,118319,1,1,1,1,4,1,1.02823888094063,0.943672179079487,1.08133672366506,1.06083229728294,1.08394194785803,1.11849709177012,1.12485708752179,1,1.09866109093577,0.97066138439529,1.01520120318404,1.06363669711309,1.00263379920032,1.31111111111111,1.32957705146546,1,0.903597671417927,0.834975981196882,0.815567092119531,0.789549246118525,0.808849096493194,0.926968300026048,0.8416697460004,1,0.997917872531996,1.0456862177632,0.879654640169786,0.951178532381504,0.872154157823654,0.921329345938646,1.10159817351598,1,1,1.00710387895658,1.01307837673631,0.948748940608715,0.957166781737389,0.947939914784602,0.947427921676911,0.966299193224016,1.00600541483222,0.941894750343801,0.937393978511988,1.06947646221148,1.02273269589808,1.09942551462591,1.11322763051888,8,1219,"out",0,0.0102124995574161,-0.0759017252993446,-0.0771324781577963,-0.0494581379701567,-0.0863622363660807,0.0969047310074429,0.136749865839174,"1212_1219"
"35",73267,"O14976","O14976","GAK_HUMAN","GAK","Cyclin-G-associated kinase",1,"LLDWIEGK","LLDWIEGK",8,1220,175913,214758,172911,194443,195930,164541,167425,179229,158397,164305,139977,180559,150849,152400,160388,171620,134039,195613,157585,158566,166106,159514,140637,147204,159374,180735,205681,199323,168667,145366,131573,137662,1,1,1,1,4,1,1.1137892026172,0.900428052503226,0.761961878883312,0.958809184085315,0.857520478873079,0.944250851273073,0.90598193425159,1,0.766169362724555,0.765070451391799,0.910853146332151,0.676882816938135,0.709635962339005,0.742761620056063,0.841575168329003,1,0.968272695201578,0.809532071412461,0.911364806171961,0.760929032855053,0.927575457894524,0.813349063969325,1.18951946377038,1,0.921755990187356,0.928596040999162,0.815488343627696,0.707981259289355,0.882623699490339,0.757054766692553,1.02509732929445,1,1,0.942496812682673,0.945014342694467,0.850906654076662,0.854980061957843,0.84991704375378,0.863170744979923,0.776150573291964,0.734455146072204,0.844338899649237,0.870072089181709,0.814354075497753,0.785201915330939,0.990543473911355,0.965539631773018,8,1227,"out",0,-0.0854403553757443,-0.232927220422853,-0.234606061172976,-0.365591532334762,-0.24410591265233,-0.296271890202386,-0.0137078000149524,"1220_1227"
"36",5994,"O14976","O14976","GAK_HUMAN","GAK","Cyclin-G-associated kinase",1,"ALLSTLHTVLWDGESR","ALLSTLHTVLWDGESR",16,1233,49188.8,80742.1,54025.4,67052.5,74739.6,59309.2,62821.2,44124,54307.2,92856.5,87607.3,36466.7,41893.8,54649.4,53178.5,63876.7,62897.8,67955.5,50060.5,42218.8,54591.7,50599.8,24915.4,36923.6,62915.4,67825.7,67212.8,56211.6,72260.9,52350.8,46812.1,37696.6,1,1,1,1,4,1,1.51944345054159,1.10405620791725,1.27870165566145,1.46905189799304,0.851693881534008,1.10984004488827,1.27905946069024,1,0.734551120171509,1.15003820807237,0.841636519238415,0.64837055266088,0.676838972481518,0.626684220499591,0.840028931623032,1,1.16280860484143,1.62159465732785,0.926610446197529,0.866483172729864,0.984324040173696,0.461179371184665,1.24409629544622,1,0.65805152678871,0.543852951045822,0.629637970247194,0.56219529473174,0.95263711271019,0.550667014652698,0.838322210208419,1,1,1.01871367558581,0.948679862506468,1.10488550609082,1.12704720799481,0.919146647836147,0.884123482717972,0.886525229528881,0.757426862695372,0.866373501724853,0.902165497122099,0.687092662806305,0.588675617576144,1.05037672449198,1.04206261353462,16,1248,"out",0,0.0267486178845606,0.143896877894466,-0.12163303617234,-0.17376640567173,-0.20693897649648,-0.54142341774172,0.0709068527295339,"1233_1248"
"37",10271,"O14976","O14976","GAK_HUMAN","GAK","Cyclin-G-associated kinase",1,"AVLAVHPDK","AVLAVHPDK",9,1270,44107.6,38358.6,42719.9,34543.5,50155.8,62207.2,41877.8,52046.5,19078.6,39345.3,44669.8,49463.4,26910.9,51201.5,45832.4,59361.8,18018.8,34912.3,34953.8,48327.4,15661.5,36018.9,56336.6,41892.7,35212.6,37395.9,37609.1,29528.5,34243.6,52187.6,26890,31149.7,1,1,1,1,4,1,1.1371237609845,0.432546771984873,0.408519166764911,0.77636507087214,0.610119344512057,0.355074862381993,0.79833407394644,1,1.6217275917265,1.02572304515806,0.910155740824743,1.3605188927646,1.33481148947042,0.939004551782391,0.974902629397319,1,0.9802878752057,1.04564383343594,0.818208844121826,0.62944903897247,1.07285831661591,1.31874372365104,0.880364888494589,1,1.50669445771274,1.43191627947371,1.3990302082881,0.901752862333,1.71846512368463,1.21275203728632,0.85482073327833,1,1,1.31145842140736,1.32190910934862,0.983957482513145,1.035683439297,0.883978489999895,0.864182292473285,0.917021466235551,0.83905896660257,1.18406356857075,1.20383490304316,0.956393793775436,1.07587829453436,0.87710558127917,0.86759281088646,9,1278,"out",0,0.391172068998026,-0.0233321178316726,-0.177916830189248,-0.124972589126902,0.243746536710046,-0.0643233267349909,-0.189177577850568,"1270_1278"
"38",10272,"O14976","O14976","GAK_HUMAN","GAK","Cyclin-G-associated kinase",1,"AVLAVHPDKAAGQPYEQHAK","AVLAVHPDKAAGQPYEQHAK",20,1270,22012.6,45828.6,NA,40457.2,28428.6,38009.4,29307.4,54982.5,35291.3,42673.6,0,41168.6,21058,35488.2,37055.6,49619.8,12300.2,32770.2,NA,25303,17411.3,23908.4,42541.4,69545.7,36116.8,26019.9,57696.9,49158.8,29862.3,34223.2,NA,31944,1,1,0,1,3,1,1.29146943114398,1.60323178543198,0.558779971470885,1.35660031073113,0.956633927841327,0.790969717343703,1.64073303471648,1,0.829381652505204,0.931156526710395,0.715060028017439,0.746765120470623,0.774367971092287,0.521691694705926,0.567765543787068,NA,NA,NA,NA,NA,NA,NA,NA,1,1.35902880080678,1.01758401471184,0.625426376516417,0.789575155967294,1.22647637503337,1.71899439407571,1.21508161711636,1,1,1.15995996148532,1.29146943114398,1.18399077561807,1.01758401471184,0.63308879200158,0.625426376516417,0.964313529056348,0.789575155967294,0.985826091322328,0.956633927841327,1.01055193537511,0.790969717343703,1.14119339853997,1.21508161711636,20,1289,"out",0,0.214075008487784,0.2436578410835,-0.659520240104516,-0.0524258060318488,-0.0205949303488971,0.0151434681627046,0.190543306500203,"1270_1289"
"39",447,"O14976","O14976","GAK_HUMAN","GAK","Cyclin-G-associated kinase",1,"AAGQPYEQHAK","AAGQPYEQHAK",11,1279,35988.3,42017.1,32132.3,40696.2,45632.9,30546.7,30328.9,30847.6,32855,32282.5,16018.7,24367,36198.3,41811.9,37881.9,34386.9,34712,39307.2,28038.7,30087.2,32801.1,37626.7,25370.6,36512,42493.6,42519.9,36348.8,40652.3,39693.9,33753.4,30619.3,26465.8,1,1,1,1,4,1,1.26799265316783,0.9129355929566,0.964535696323527,1.10296679754253,1.00583522978301,0.91143788397896,1.18076152527349,1,0.727006385495429,0.768318137139403,0.935504830176285,0.803325312789317,0.995116274088407,0.895509209345719,1.01196655647344,1,0.943875788536768,0.498523292761489,0.872601712295727,0.952913423564451,1.17893521472164,0.789566884412258,1.13122309949801,1,0.757997061150673,0.598753691990898,0.739312269941665,0.650326074670362,0.844965869049199,0.897184503712877,0.998921275205056,1,1,0.924217972087676,0.85093642484372,0.694632678712098,0.683535914565151,0.877988627184301,0.904053271236006,0.877382902141666,0.878119368176884,1.00621314691056,1.00047575193571,0.873424620362453,0.896346856529298,1.0807181141125,1.07159482798572,11,1289,"out",0,-0.113694950860445,-0.525677811568884,-0.187725842610868,-0.188721502544093,0.00893594472488601,-0.195244896063456,0.111990271079628,"1279_1289"
