"","rank","kinase_count","TRP","type"
"1",1,1,1,"htPELSA"
"2",2,2,1,"htPELSA"
"3",3,3,1,"htPELSA"
"4",4,4,1,"htPELSA"
"5",5,4,0.8,"htPELSA"
"6",6,5,0.833333333333333,"htPELSA"
"7",7,6,0.857142857142857,"htPELSA"
"8",8,7,0.875,"htPELSA"
"9",9,8,0.888888888888889,"htPELSA"
"10",10,9,0.9,"htPELSA"
"11",11,10,0.909090909090909,"htPELSA"
"12",12,11,0.916666666666667,"htPELSA"
"13",13,11,0.846153846153846,"htPELSA"
"14",14,12,0.857142857142857,"htPELSA"
"15",15,13,0.866666666666667,"htPELSA"
"16",16,14,0.875,"htPELSA"
"17",17,15,0.882352941176471,"htPELSA"
"18",18,16,0.888888888888889,"htPELSA"
"19",19,17,0.894736842105263,"htPELSA"
"20",20,17,0.85,"htPELSA"
"21",21,18,0.857142857142857,"htPELSA"
"22",22,19,0.863636363636364,"htPELSA"
"23",23,19,0.826086956521739,"htPELSA"
"24",24,20,0.833333333333333,"htPELSA"
"25",25,21,0.84,"htPELSA"
"26",26,22,0.846153846153846,"htPELSA"
"27",27,23,0.851851851851852,"htPELSA"
"28",28,24,0.857142857142857,"htPELSA"
"29",29,25,0.862068965517241,"htPELSA"
"30",30,26,0.866666666666667,"htPELSA"
"31",31,26,0.838709677419355,"htPELSA"
"32",32,27,0.84375,"htPELSA"
"33",33,28,0.848484848484849,"htPELSA"
"34",34,29,0.852941176470588,"htPELSA"
"35",35,30,0.857142857142857,"htPELSA"
"36",36,30,0.833333333333333,"htPELSA"
"37",37,31,0.837837837837838,"htPELSA"
"38",38,32,0.842105263157895,"htPELSA"
"39",39,32,0.82051282051282,"htPELSA"
"40",40,33,0.825,"htPELSA"
"41",41,33,0.804878048780488,"htPELSA"
"42",42,34,0.80952380952381,"htPELSA"
"43",43,35,0.813953488372093,"htPELSA"
"44",44,36,0.818181818181818,"htPELSA"
"45",45,37,0.822222222222222,"htPELSA"
"46",46,38,0.826086956521739,"htPELSA"
"47",47,39,0.829787234042553,"htPELSA"
"48",48,40,0.833333333333333,"htPELSA"
"49",49,40,0.816326530612245,"htPELSA"
"50",50,40,0.8,"htPELSA"
"51",51,41,0.803921568627451,"htPELSA"
"52",52,42,0.807692307692308,"htPELSA"
"53",53,43,0.811320754716981,"htPELSA"
"54",54,44,0.814814814814815,"htPELSA"
"55",55,45,0.818181818181818,"htPELSA"
"56",56,46,0.821428571428571,"htPELSA"
"57",57,47,0.824561403508772,"htPELSA"
"58",58,48,0.827586206896552,"htPELSA"
"59",59,49,0.830508474576271,"htPELSA"
"60",60,50,0.833333333333333,"htPELSA"
"61",61,51,0.836065573770492,"htPELSA"
"62",62,52,0.838709677419355,"htPELSA"
"63",63,53,0.841269841269841,"htPELSA"
"64",64,54,0.84375,"htPELSA"
"65",65,55,0.846153846153846,"htPELSA"
"66",66,56,0.848484848484849,"htPELSA"
"67",67,57,0.850746268656716,"htPELSA"
"68",68,57,0.838235294117647,"htPELSA"
"69",69,58,0.840579710144927,"htPELSA"
"70",70,59,0.842857142857143,"htPELSA"
"71",71,60,0.845070422535211,"htPELSA"
"72",72,61,0.847222222222222,"htPELSA"
"73",73,62,0.849315068493151,"htPELSA"
"74",74,62,0.837837837837838,"htPELSA"
"75",75,62,0.826666666666667,"htPELSA"
"76",76,63,0.828947368421053,"htPELSA"
"77",77,63,0.818181818181818,"htPELSA"
"78",78,64,0.82051282051282,"htPELSA"
"79",79,65,0.822784810126582,"htPELSA"
"80",80,66,0.825,"htPELSA"
"81",81,67,0.827160493827161,"htPELSA"
"82",82,67,0.817073170731707,"htPELSA"
"83",83,68,0.819277108433735,"htPELSA"
"84",84,69,0.821428571428571,"htPELSA"
"85",85,70,0.823529411764706,"htPELSA"
"86",86,71,0.825581395348837,"htPELSA"
"87",87,72,0.827586206896552,"htPELSA"
"88",88,72,0.818181818181818,"htPELSA"
"89",89,73,0.820224719101124,"htPELSA"
"90",90,74,0.822222222222222,"htPELSA"
"91",91,74,0.813186813186813,"htPELSA"
"92",92,74,0.804347826086957,"htPELSA"
"93",93,75,0.806451612903226,"htPELSA"
"94",94,76,0.808510638297872,"htPELSA"
"95",95,76,0.8,"htPELSA"
"96",96,77,0.802083333333333,"htPELSA"
"97",97,77,0.793814432989691,"htPELSA"
"98",98,77,0.785714285714286,"htPELSA"
"99",99,78,0.787878787878788,"htPELSA"
"100",100,79,0.79,"htPELSA"
"101",101,80,0.792079207920792,"htPELSA"
"102",102,80,0.784313725490196,"htPELSA"
"103",103,80,0.776699029126214,"htPELSA"
"104",104,81,0.778846153846154,"htPELSA"
"105",105,81,0.771428571428571,"htPELSA"
"106",106,81,0.764150943396226,"htPELSA"
"107",107,82,0.766355140186916,"htPELSA"
"108",108,82,0.759259259259259,"htPELSA"
"109",109,82,0.752293577981651,"htPELSA"
"110",110,83,0.754545454545455,"htPELSA"
"111",111,83,0.747747747747748,"htPELSA"
"112",112,84,0.75,"htPELSA"
"113",113,84,0.743362831858407,"htPELSA"
"114",114,84,0.736842105263158,"htPELSA"
"115",115,84,0.730434782608696,"htPELSA"
"116",116,85,0.732758620689655,"htPELSA"
"117",117,86,0.735042735042735,"htPELSA"
"118",118,87,0.73728813559322,"htPELSA"
"119",119,88,0.739495798319328,"htPELSA"
"120",120,89,0.741666666666667,"htPELSA"
"121",121,89,0.735537190082645,"htPELSA"
"122",122,90,0.737704918032787,"htPELSA"
"123",123,90,0.731707317073171,"htPELSA"
"124",124,90,0.725806451612903,"htPELSA"
"125",125,90,0.72,"htPELSA"
"126",126,90,0.714285714285714,"htPELSA"
"127",127,90,0.708661417322835,"htPELSA"
"128",128,91,0.7109375,"htPELSA"
"129",129,91,0.705426356589147,"htPELSA"
"130",130,91,0.7,"htPELSA"
"131",131,91,0.694656488549618,"htPELSA"
"132",132,92,0.696969696969697,"htPELSA"
"133",133,92,0.691729323308271,"htPELSA"
"134",134,92,0.686567164179104,"htPELSA"
"135",135,92,0.681481481481481,"htPELSA"
"136",136,92,0.676470588235294,"htPELSA"
"137",137,92,0.671532846715328,"htPELSA"
"138",138,92,0.666666666666667,"htPELSA"
"139",139,93,0.669064748201439,"htPELSA"
"140",140,93,0.664285714285714,"htPELSA"
"141",141,93,0.659574468085106,"htPELSA"
"142",142,93,0.654929577464789,"htPELSA"
"143",143,94,0.657342657342657,"htPELSA"
"144",144,94,0.652777777777778,"htPELSA"
"145",145,94,0.648275862068965,"htPELSA"
"146",146,95,0.650684931506849,"htPELSA"
"147",147,96,0.653061224489796,"htPELSA"
"148",148,96,0.648648648648649,"htPELSA"
"149",149,96,0.644295302013423,"htPELSA"
"150",150,97,0.646666666666667,"htPELSA"
"151",151,98,0.649006622516556,"htPELSA"
"152",152,98,0.644736842105263,"htPELSA"
"153",153,98,0.640522875816993,"htPELSA"
"154",154,98,0.636363636363636,"htPELSA"
"155",155,98,0.632258064516129,"htPELSA"
"156",156,98,0.628205128205128,"htPELSA"
"157",157,99,0.630573248407643,"htPELSA"
"158",158,99,0.626582278481013,"htPELSA"
"159",159,99,0.622641509433962,"htPELSA"
"160",160,99,0.61875,"htPELSA"
"161",161,99,0.614906832298137,"htPELSA"
"162",162,99,0.611111111111111,"htPELSA"
"163",163,99,0.607361963190184,"htPELSA"
"164",164,99,0.603658536585366,"htPELSA"
"165",165,99,0.6,"htPELSA"
"166",166,100,0.602409638554217,"htPELSA"
"167",167,100,0.598802395209581,"htPELSA"
"168",168,100,0.595238095238095,"htPELSA"
"169",169,100,0.591715976331361,"htPELSA"
"170",170,100,0.588235294117647,"htPELSA"
"171",171,100,0.584795321637427,"htPELSA"
"172",172,100,0.581395348837209,"htPELSA"
"173",173,100,0.578034682080925,"htPELSA"
"174",174,100,0.574712643678161,"htPELSA"
"175",175,100,0.571428571428571,"htPELSA"
"176",176,100,0.568181818181818,"htPELSA"
"177",177,101,0.570621468926554,"htPELSA"
"178",178,101,0.567415730337079,"htPELSA"
"179",179,101,0.564245810055866,"htPELSA"
"180",1,1,1,"htPELSA_treatReps"
"181",2,2,1,"htPELSA_treatReps"
"182",3,3,1,"htPELSA_treatReps"
"183",4,4,1,"htPELSA_treatReps"
"184",5,4,0.8,"htPELSA_treatReps"
"185",6,5,0.833333333333333,"htPELSA_treatReps"
"186",7,6,0.857142857142857,"htPELSA_treatReps"
"187",8,7,0.875,"htPELSA_treatReps"
"188",9,7,0.777777777777778,"htPELSA_treatReps"
"189",10,8,0.8,"htPELSA_treatReps"
"190",11,9,0.818181818181818,"htPELSA_treatReps"
"191",12,10,0.833333333333333,"htPELSA_treatReps"
"192",13,11,0.846153846153846,"htPELSA_treatReps"
"193",14,12,0.857142857142857,"htPELSA_treatReps"
"194",15,13,0.866666666666667,"htPELSA_treatReps"
"195",16,14,0.875,"htPELSA_treatReps"
"196",17,15,0.882352941176471,"htPELSA_treatReps"
"197",18,16,0.888888888888889,"htPELSA_treatReps"
"198",19,17,0.894736842105263,"htPELSA_treatReps"
"199",20,18,0.9,"htPELSA_treatReps"
"200",21,18,0.857142857142857,"htPELSA_treatReps"
"201",22,19,0.863636363636364,"htPELSA_treatReps"
"202",23,20,0.869565217391304,"htPELSA_treatReps"
"203",24,21,0.875,"htPELSA_treatReps"
"204",25,22,0.88,"htPELSA_treatReps"
"205",26,23,0.884615384615385,"htPELSA_treatReps"
"206",27,24,0.888888888888889,"htPELSA_treatReps"
"207",28,25,0.892857142857143,"htPELSA_treatReps"
"208",29,26,0.896551724137931,"htPELSA_treatReps"
"209",30,27,0.9,"htPELSA_treatReps"
"210",31,28,0.903225806451613,"htPELSA_treatReps"
"211",32,29,0.90625,"htPELSA_treatReps"
"212",33,30,0.909090909090909,"htPELSA_treatReps"
"213",34,31,0.911764705882353,"htPELSA_treatReps"
"214",35,32,0.914285714285714,"htPELSA_treatReps"
"215",36,32,0.888888888888889,"htPELSA_treatReps"
"216",37,33,0.891891891891892,"htPELSA_treatReps"
"217",38,34,0.894736842105263,"htPELSA_treatReps"
"218",39,35,0.897435897435897,"htPELSA_treatReps"
"219",40,36,0.9,"htPELSA_treatReps"
"220",41,37,0.902439024390244,"htPELSA_treatReps"
"221",42,37,0.880952380952381,"htPELSA_treatReps"
"222",43,38,0.883720930232558,"htPELSA_treatReps"
"223",44,39,0.886363636363636,"htPELSA_treatReps"
"224",45,40,0.888888888888889,"htPELSA_treatReps"
"225",46,40,0.869565217391304,"htPELSA_treatReps"
"226",47,41,0.872340425531915,"htPELSA_treatReps"
"227",48,42,0.875,"htPELSA_treatReps"
"228",49,42,0.857142857142857,"htPELSA_treatReps"
"229",50,43,0.86,"htPELSA_treatReps"
"230",51,44,0.862745098039216,"htPELSA_treatReps"
"231",52,45,0.865384615384615,"htPELSA_treatReps"
"232",53,46,0.867924528301887,"htPELSA_treatReps"
"233",54,47,0.87037037037037,"htPELSA_treatReps"
"234",55,48,0.872727272727273,"htPELSA_treatReps"
"235",56,49,0.875,"htPELSA_treatReps"
"236",57,50,0.87719298245614,"htPELSA_treatReps"
"237",58,51,0.879310344827586,"htPELSA_treatReps"
"238",59,52,0.88135593220339,"htPELSA_treatReps"
"239",60,53,0.883333333333333,"htPELSA_treatReps"
"240",61,54,0.885245901639344,"htPELSA_treatReps"
"241",62,55,0.887096774193548,"htPELSA_treatReps"
"242",63,56,0.888888888888889,"htPELSA_treatReps"
"243",64,57,0.890625,"htPELSA_treatReps"
"244",65,58,0.892307692307692,"htPELSA_treatReps"
"245",66,59,0.893939393939394,"htPELSA_treatReps"
"246",67,59,0.880597014925373,"htPELSA_treatReps"
"247",68,60,0.882352941176471,"htPELSA_treatReps"
"248",69,61,0.884057971014493,"htPELSA_treatReps"
"249",70,62,0.885714285714286,"htPELSA_treatReps"
"250",71,63,0.887323943661972,"htPELSA_treatReps"
"251",72,64,0.888888888888889,"htPELSA_treatReps"
"252",73,65,0.89041095890411,"htPELSA_treatReps"
"253",74,66,0.891891891891892,"htPELSA_treatReps"
"254",75,67,0.893333333333333,"htPELSA_treatReps"
"255",76,67,0.881578947368421,"htPELSA_treatReps"
"256",77,68,0.883116883116883,"htPELSA_treatReps"
"257",78,69,0.884615384615385,"htPELSA_treatReps"
"258",79,70,0.886075949367089,"htPELSA_treatReps"
"259",80,71,0.8875,"htPELSA_treatReps"
"260",81,72,0.888888888888889,"htPELSA_treatReps"
"261",82,73,0.890243902439024,"htPELSA_treatReps"
"262",83,73,0.879518072289157,"htPELSA_treatReps"
"263",84,74,0.880952380952381,"htPELSA_treatReps"
"264",85,74,0.870588235294118,"htPELSA_treatReps"
"265",86,75,0.872093023255814,"htPELSA_treatReps"
"266",87,76,0.873563218390805,"htPELSA_treatReps"
"267",88,77,0.875,"htPELSA_treatReps"
"268",89,77,0.865168539325843,"htPELSA_treatReps"
"269",90,78,0.866666666666667,"htPELSA_treatReps"
"270",91,79,0.868131868131868,"htPELSA_treatReps"
"271",92,80,0.869565217391304,"htPELSA_treatReps"
"272",93,80,0.860215053763441,"htPELSA_treatReps"
"273",94,80,0.851063829787234,"htPELSA_treatReps"
"274",95,81,0.852631578947368,"htPELSA_treatReps"
"275",96,81,0.84375,"htPELSA_treatReps"
"276",97,82,0.845360824742268,"htPELSA_treatReps"
"277",98,82,0.836734693877551,"htPELSA_treatReps"
"278",99,83,0.838383838383838,"htPELSA_treatReps"
"279",100,84,0.84,"htPELSA_treatReps"
"280",101,85,0.841584158415842,"htPELSA_treatReps"
"281",102,86,0.843137254901961,"htPELSA_treatReps"
"282",103,87,0.844660194174757,"htPELSA_treatReps"
"283",104,88,0.846153846153846,"htPELSA_treatReps"
"284",105,89,0.847619047619048,"htPELSA_treatReps"
"285",106,89,0.839622641509434,"htPELSA_treatReps"
"286",107,89,0.831775700934579,"htPELSA_treatReps"
"287",108,90,0.833333333333333,"htPELSA_treatReps"
"288",109,90,0.825688073394495,"htPELSA_treatReps"
"289",110,90,0.818181818181818,"htPELSA_treatReps"
"290",111,90,0.810810810810811,"htPELSA_treatReps"
"291",112,90,0.803571428571429,"htPELSA_treatReps"
"292",113,91,0.805309734513274,"htPELSA_treatReps"
"293",114,91,0.798245614035088,"htPELSA_treatReps"
"294",115,91,0.791304347826087,"htPELSA_treatReps"
"295",116,92,0.793103448275862,"htPELSA_treatReps"
"296",117,93,0.794871794871795,"htPELSA_treatReps"
"297",118,94,0.796610169491525,"htPELSA_treatReps"
"298",119,95,0.798319327731092,"htPELSA_treatReps"
"299",120,95,0.791666666666667,"htPELSA_treatReps"
"300",121,95,0.785123966942149,"htPELSA_treatReps"
"301",122,96,0.786885245901639,"htPELSA_treatReps"
"302",123,97,0.788617886178862,"htPELSA_treatReps"
"303",124,97,0.782258064516129,"htPELSA_treatReps"
"304",125,97,0.776,"htPELSA_treatReps"
"305",126,97,0.76984126984127,"htPELSA_treatReps"
"306",127,97,0.763779527559055,"htPELSA_treatReps"
"307",128,98,0.765625,"htPELSA_treatReps"
"308",129,99,0.767441860465116,"htPELSA_treatReps"
"309",130,99,0.761538461538461,"htPELSA_treatReps"
"310",131,99,0.755725190839695,"htPELSA_treatReps"
"311",132,100,0.757575757575758,"htPELSA_treatReps"
"312",133,100,0.75187969924812,"htPELSA_treatReps"
"313",134,100,0.746268656716418,"htPELSA_treatReps"
"314",135,100,0.740740740740741,"htPELSA_treatReps"
"315",136,100,0.735294117647059,"htPELSA_treatReps"
"316",137,101,0.737226277372263,"htPELSA_treatReps"
"317",138,102,0.739130434782609,"htPELSA_treatReps"
"318",139,103,0.741007194244604,"htPELSA_treatReps"
"319",140,103,0.735714285714286,"htPELSA_treatReps"
"320",141,103,0.730496453900709,"htPELSA_treatReps"
"321",142,104,0.732394366197183,"htPELSA_treatReps"
"322",143,104,0.727272727272727,"htPELSA_treatReps"
"323",144,104,0.722222222222222,"htPELSA_treatReps"
"324",145,104,0.717241379310345,"htPELSA_treatReps"
"325",146,105,0.719178082191781,"htPELSA_treatReps"
"326",147,106,0.72108843537415,"htPELSA_treatReps"
"327",148,106,0.716216216216216,"htPELSA_treatReps"
"328",149,106,0.711409395973154,"htPELSA_treatReps"
"329",150,106,0.706666666666667,"htPELSA_treatReps"
"330",151,106,0.701986754966887,"htPELSA_treatReps"
"331",152,106,0.697368421052632,"htPELSA_treatReps"
"332",153,106,0.69281045751634,"htPELSA_treatReps"
"333",154,106,0.688311688311688,"htPELSA_treatReps"
"334",155,106,0.683870967741935,"htPELSA_treatReps"
"335",156,106,0.67948717948718,"htPELSA_treatReps"
"336",157,106,0.67515923566879,"htPELSA_treatReps"
"337",158,106,0.670886075949367,"htPELSA_treatReps"
"338",159,106,0.666666666666667,"htPELSA_treatReps"
"339",160,107,0.66875,"htPELSA_treatReps"
"340",161,107,0.664596273291925,"htPELSA_treatReps"
"341",162,107,0.660493827160494,"htPELSA_treatReps"
"342",163,107,0.656441717791411,"htPELSA_treatReps"
"343",164,107,0.652439024390244,"htPELSA_treatReps"
"344",165,107,0.648484848484848,"htPELSA_treatReps"
"345",166,107,0.644578313253012,"htPELSA_treatReps"
"346",167,107,0.640718562874252,"htPELSA_treatReps"
"347",168,108,0.642857142857143,"htPELSA_treatReps"
"348",169,108,0.63905325443787,"htPELSA_treatReps"
"349",170,109,0.641176470588235,"htPELSA_treatReps"
"350",171,110,0.64327485380117,"htPELSA_treatReps"
"351",172,111,0.645348837209302,"htPELSA_treatReps"
"352",173,111,0.641618497109827,"htPELSA_treatReps"
"353",174,112,0.64367816091954,"htPELSA_treatReps"
"354",175,112,0.64,"htPELSA_treatReps"
"355",176,112,0.636363636363636,"htPELSA_treatReps"
"356",177,112,0.632768361581921,"htPELSA_treatReps"
"357",178,112,0.629213483146067,"htPELSA_treatReps"
"358",179,112,0.625698324022346,"htPELSA_treatReps"
"359",1,1,1,"PISA"
"360",2,2,1,"PISA"
"361",3,3,1,"PISA"
"362",4,4,1,"PISA"
"363",5,4,0.8,"PISA"
"364",6,5,0.833333333333333,"PISA"
"365",7,6,0.857142857142857,"PISA"
"366",8,7,0.875,"PISA"
"367",9,8,0.888888888888889,"PISA"
"368",10,9,0.9,"PISA"
"369",11,10,0.909090909090909,"PISA"
"370",12,11,0.916666666666667,"PISA"
"371",13,11,0.846153846153846,"PISA"
"372",14,11,0.785714285714286,"PISA"
"373",15,11,0.733333333333333,"PISA"
"374",16,11,0.6875,"PISA"
"375",17,11,0.647058823529412,"PISA"
"376",18,11,0.611111111111111,"PISA"
"377",19,12,0.631578947368421,"PISA"
"378",20,12,0.6,"PISA"
"379",21,13,0.619047619047619,"PISA"
"380",22,13,0.590909090909091,"PISA"
"381",23,14,0.608695652173913,"PISA"
"382",24,14,0.583333333333333,"PISA"
"383",25,14,0.56,"PISA"
"384",26,15,0.576923076923077,"PISA"
"385",27,16,0.592592592592593,"PISA"
"386",28,16,0.571428571428571,"PISA"
"387",29,17,0.586206896551724,"PISA"
"388",30,18,0.6,"PISA"
"389",31,19,0.612903225806452,"PISA"
"390",32,19,0.59375,"PISA"
"391",33,19,0.575757575757576,"PISA"
"392",34,20,0.588235294117647,"PISA"
"393",35,20,0.571428571428571,"PISA"
"394",36,20,0.555555555555556,"PISA"
"395",37,20,0.540540540540541,"PISA"
"396",38,20,0.526315789473684,"PISA"
"397",39,20,0.512820512820513,"PISA"
"398",40,20,0.5,"PISA"
"399",41,20,0.48780487804878,"PISA"
"400",42,21,0.5,"PISA"
"401",43,21,0.488372093023256,"PISA"
"402",44,21,0.477272727272727,"PISA"
"403",45,21,0.466666666666667,"PISA"
"404",46,21,0.456521739130435,"PISA"
"405",47,21,0.446808510638298,"PISA"
"406",48,21,0.4375,"PISA"
"407",49,21,0.428571428571429,"PISA"
"408",50,21,0.42,"PISA"
"409",51,21,0.411764705882353,"PISA"
"410",52,22,0.423076923076923,"PISA"
"411",53,22,0.415094339622642,"PISA"
"412",54,22,0.407407407407407,"PISA"
"413",55,23,0.418181818181818,"PISA"
"414",56,23,0.410714285714286,"PISA"
"415",57,23,0.403508771929825,"PISA"
"416",58,23,0.396551724137931,"PISA"
"417",59,23,0.389830508474576,"PISA"
"418",60,23,0.383333333333333,"PISA"
"419",61,23,0.377049180327869,"PISA"
"420",62,23,0.370967741935484,"PISA"
"421",63,23,0.365079365079365,"PISA"
"422",64,23,0.359375,"PISA"
"423",65,23,0.353846153846154,"PISA"
"424",66,23,0.348484848484849,"PISA"
"425",67,23,0.343283582089552,"PISA"
"426",68,24,0.352941176470588,"PISA"
"427",69,24,0.347826086956522,"PISA"
"428",70,24,0.342857142857143,"PISA"
"429",71,24,0.338028169014085,"PISA"
"430",72,24,0.333333333333333,"PISA"
"431",73,24,0.328767123287671,"PISA"
"432",74,24,0.324324324324324,"PISA"
"433",75,24,0.32,"PISA"
"434",76,24,0.315789473684211,"PISA"
"435",77,24,0.311688311688312,"PISA"
"436",78,24,0.307692307692308,"PISA"
"437",79,24,0.30379746835443,"PISA"
"438",80,24,0.3,"PISA"
"439",81,24,0.296296296296296,"PISA"
"440",82,24,0.292682926829268,"PISA"
"441",83,24,0.289156626506024,"PISA"
"442",84,24,0.285714285714286,"PISA"
"443",85,24,0.282352941176471,"PISA"
"444",86,24,0.27906976744186,"PISA"
"445",87,24,0.275862068965517,"PISA"
"446",88,24,0.272727272727273,"PISA"
"447",89,24,0.269662921348315,"PISA"
"448",90,24,0.266666666666667,"PISA"
"449",91,24,0.263736263736264,"PISA"
"450",92,24,0.260869565217391,"PISA"
"451",93,24,0.258064516129032,"PISA"
"452",94,24,0.25531914893617,"PISA"
"453",95,24,0.252631578947368,"PISA"
"454",96,24,0.25,"PISA"
"455",97,25,0.257731958762887,"PISA"
"456",98,25,0.255102040816327,"PISA"
"457",99,25,0.252525252525253,"PISA"
"458",100,25,0.25,"PISA"
"459",101,25,0.247524752475248,"PISA"
"460",102,25,0.245098039215686,"PISA"
"461",103,25,0.242718446601942,"PISA"
"462",104,25,0.240384615384615,"PISA"
"463",105,25,0.238095238095238,"PISA"
"464",106,25,0.235849056603774,"PISA"
"465",107,25,0.233644859813084,"PISA"
"466",108,25,0.231481481481481,"PISA"
"467",109,25,0.229357798165138,"PISA"
"468",110,25,0.227272727272727,"PISA"
"469",111,25,0.225225225225225,"PISA"
"470",112,25,0.223214285714286,"PISA"
"471",113,25,0.221238938053097,"PISA"
"472",114,25,0.219298245614035,"PISA"
"473",115,25,0.217391304347826,"PISA"
"474",116,25,0.21551724137931,"PISA"
"475",117,25,0.213675213675214,"PISA"
"476",118,25,0.211864406779661,"PISA"
"477",119,25,0.210084033613445,"PISA"
"478",120,26,0.216666666666667,"PISA"
"479",121,26,0.214876033057851,"PISA"
"480",122,26,0.213114754098361,"PISA"
"481",123,26,0.211382113821138,"PISA"
"482",124,26,0.209677419354839,"PISA"
"483",125,26,0.208,"PISA"
"484",126,26,0.206349206349206,"PISA"
"485",127,26,0.204724409448819,"PISA"
"486",128,26,0.203125,"PISA"
"487",129,26,0.201550387596899,"PISA"
"488",130,26,0.2,"PISA"
"489",131,26,0.198473282442748,"PISA"
"490",132,26,0.196969696969697,"PISA"
"491",133,26,0.195488721804511,"PISA"
"492",134,26,0.194029850746269,"PISA"
"493",135,26,0.192592592592593,"PISA"
"494",136,26,0.191176470588235,"PISA"
"495",137,26,0.18978102189781,"PISA"
"496",138,26,0.188405797101449,"PISA"
"497",139,26,0.18705035971223,"PISA"
"498",140,26,0.185714285714286,"PISA"
"499",141,26,0.184397163120567,"PISA"
"500",142,26,0.183098591549296,"PISA"
"501",143,26,0.181818181818182,"PISA"
"502",144,26,0.180555555555556,"PISA"
"503",145,26,0.179310344827586,"PISA"
"504",146,26,0.178082191780822,"PISA"
"505",147,26,0.17687074829932,"PISA"
"506",148,26,0.175675675675676,"PISA"
"507",149,26,0.174496644295302,"PISA"
"508",150,26,0.173333333333333,"PISA"
"509",151,26,0.172185430463576,"PISA"
"510",152,26,0.171052631578947,"PISA"
"511",153,26,0.169934640522876,"PISA"
"512",154,26,0.168831168831169,"PISA"
"513",155,26,0.167741935483871,"PISA"
"514",156,26,0.166666666666667,"PISA"
"515",157,26,0.165605095541401,"PISA"
"516",158,26,0.164556962025316,"PISA"
"517",159,26,0.163522012578616,"PISA"
"518",160,26,0.1625,"PISA"
"519",161,26,0.161490683229814,"PISA"
"520",162,26,0.160493827160494,"PISA"
"521",163,26,0.159509202453988,"PISA"
"522",164,26,0.158536585365854,"PISA"
"523",165,26,0.157575757575758,"PISA"
"524",166,26,0.156626506024096,"PISA"
"525",167,26,0.155688622754491,"PISA"
"526",168,26,0.154761904761905,"PISA"
"527",169,26,0.153846153846154,"PISA"
"528",170,26,0.152941176470588,"PISA"
"529",171,26,0.152046783625731,"PISA"
"530",172,26,0.151162790697674,"PISA"
"531",173,26,0.15028901734104,"PISA"
"532",174,26,0.149425287356322,"PISA"
"533",175,26,0.148571428571429,"PISA"
"534",176,26,0.147727272727273,"PISA"
"535",177,26,0.146892655367232,"PISA"
"536",178,26,0.146067415730337,"PISA"
"537",179,26,0.145251396648045,"PISA"
"538",1,1,1,"TPP_49.8"
"539",2,2,1,"TPP_49.8"
"540",3,3,1,"TPP_49.8"
"541",4,4,1,"TPP_49.8"
"542",5,5,1,"TPP_49.8"
"543",6,6,1,"TPP_49.8"
"544",7,7,1,"TPP_49.8"
"545",8,8,1,"TPP_49.8"
"546",9,9,1,"TPP_49.8"
"547",10,10,1,"TPP_49.8"
"548",11,11,1,"TPP_49.8"
"549",12,12,1,"TPP_49.8"
"550",13,13,1,"TPP_49.8"
"551",14,14,1,"TPP_49.8"
"552",15,15,1,"TPP_49.8"
"553",16,16,1,"TPP_49.8"
"554",17,17,1,"TPP_49.8"
"555",18,18,1,"TPP_49.8"
"556",19,19,1,"TPP_49.8"
"557",20,20,1,"TPP_49.8"
"558",21,20,0.952380952380952,"TPP_49.8"
"559",22,21,0.954545454545455,"TPP_49.8"
"560",23,22,0.956521739130435,"TPP_49.8"
"561",24,23,0.958333333333333,"TPP_49.8"
"562",25,24,0.96,"TPP_49.8"
"563",26,25,0.961538461538462,"TPP_49.8"
"564",27,26,0.962962962962963,"TPP_49.8"
"565",28,26,0.928571428571429,"TPP_49.8"
"566",29,26,0.896551724137931,"TPP_49.8"
"567",30,27,0.9,"TPP_49.8"
"568",31,27,0.870967741935484,"TPP_49.8"
"569",32,28,0.875,"TPP_49.8"
"570",33,29,0.878787878787879,"TPP_49.8"
"571",34,29,0.852941176470588,"TPP_49.8"
"572",35,30,0.857142857142857,"TPP_49.8"
"573",36,31,0.861111111111111,"TPP_49.8"
"574",37,31,0.837837837837838,"TPP_49.8"
"575",38,31,0.815789473684211,"TPP_49.8"
"576",39,32,0.82051282051282,"TPP_49.8"
"577",40,32,0.8,"TPP_49.8"
"578",41,33,0.804878048780488,"TPP_49.8"
"579",42,33,0.785714285714286,"TPP_49.8"
"580",43,34,0.790697674418605,"TPP_49.8"
"581",44,34,0.772727272727273,"TPP_49.8"
"582",45,34,0.755555555555556,"TPP_49.8"
"583",46,35,0.760869565217391,"TPP_49.8"
"584",47,36,0.765957446808511,"TPP_49.8"
"585",48,36,0.75,"TPP_49.8"
"586",49,36,0.73469387755102,"TPP_49.8"
"587",50,36,0.72,"TPP_49.8"
"588",51,36,0.705882352941177,"TPP_49.8"
"589",52,36,0.692307692307692,"TPP_49.8"
"590",53,36,0.679245283018868,"TPP_49.8"
"591",54,36,0.666666666666667,"TPP_49.8"
"592",55,36,0.654545454545455,"TPP_49.8"
"593",56,36,0.642857142857143,"TPP_49.8"
"594",57,36,0.631578947368421,"TPP_49.8"
"595",58,36,0.620689655172414,"TPP_49.8"
"596",59,36,0.610169491525424,"TPP_49.8"
"597",60,36,0.6,"TPP_49.8"
"598",61,36,0.590163934426229,"TPP_49.8"
"599",62,36,0.580645161290323,"TPP_49.8"
"600",63,36,0.571428571428571,"TPP_49.8"
"601",64,36,0.5625,"TPP_49.8"
"602",65,36,0.553846153846154,"TPP_49.8"
"603",66,36,0.545454545454545,"TPP_49.8"
"604",67,36,0.537313432835821,"TPP_49.8"
"605",68,36,0.529411764705882,"TPP_49.8"
"606",69,36,0.521739130434783,"TPP_49.8"
"607",70,36,0.514285714285714,"TPP_49.8"
"608",71,36,0.507042253521127,"TPP_49.8"
"609",72,37,0.513888888888889,"TPP_49.8"
"610",73,38,0.520547945205479,"TPP_49.8"
"611",74,38,0.513513513513513,"TPP_49.8"
"612",75,38,0.506666666666667,"TPP_49.8"
"613",76,38,0.5,"TPP_49.8"
"614",77,38,0.493506493506494,"TPP_49.8"
"615",78,38,0.487179487179487,"TPP_49.8"
"616",79,38,0.481012658227848,"TPP_49.8"
"617",80,38,0.475,"TPP_49.8"
"618",81,39,0.481481481481481,"TPP_49.8"
"619",82,39,0.475609756097561,"TPP_49.8"
"620",83,39,0.469879518072289,"TPP_49.8"
"621",84,39,0.464285714285714,"TPP_49.8"
"622",85,39,0.458823529411765,"TPP_49.8"
"623",86,39,0.453488372093023,"TPP_49.8"
"624",87,39,0.448275862068966,"TPP_49.8"
"625",88,39,0.443181818181818,"TPP_49.8"
"626",89,39,0.438202247191011,"TPP_49.8"
"627",90,39,0.433333333333333,"TPP_49.8"
"628",91,39,0.428571428571429,"TPP_49.8"
"629",92,39,0.423913043478261,"TPP_49.8"
"630",93,39,0.419354838709677,"TPP_49.8"
"631",94,40,0.425531914893617,"TPP_49.8"
"632",95,40,0.421052631578947,"TPP_49.8"
"633",96,41,0.427083333333333,"TPP_49.8"
"634",97,41,0.422680412371134,"TPP_49.8"
"635",98,42,0.428571428571429,"TPP_49.8"
"636",99,42,0.424242424242424,"TPP_49.8"
"637",100,42,0.42,"TPP_49.8"
"638",101,42,0.415841584158416,"TPP_49.8"
"639",102,42,0.411764705882353,"TPP_49.8"
"640",103,42,0.407766990291262,"TPP_49.8"
"641",104,42,0.403846153846154,"TPP_49.8"
"642",105,42,0.4,"TPP_49.8"
"643",106,42,0.39622641509434,"TPP_49.8"
"644",107,42,0.392523364485981,"TPP_49.8"
"645",108,43,0.398148148148148,"TPP_49.8"
"646",109,43,0.394495412844037,"TPP_49.8"
"647",110,43,0.390909090909091,"TPP_49.8"
"648",111,43,0.387387387387387,"TPP_49.8"
"649",112,43,0.383928571428571,"TPP_49.8"
"650",113,43,0.380530973451327,"TPP_49.8"
"651",114,43,0.37719298245614,"TPP_49.8"
"652",115,43,0.373913043478261,"TPP_49.8"
"653",116,43,0.370689655172414,"TPP_49.8"
"654",117,43,0.367521367521368,"TPP_49.8"
"655",118,43,0.364406779661017,"TPP_49.8"
"656",119,44,0.369747899159664,"TPP_49.8"
"657",120,44,0.366666666666667,"TPP_49.8"
"658",121,44,0.363636363636364,"TPP_49.8"
"659",122,44,0.360655737704918,"TPP_49.8"
"660",123,44,0.357723577235772,"TPP_49.8"
"661",124,44,0.354838709677419,"TPP_49.8"
"662",125,44,0.352,"TPP_49.8"
"663",126,44,0.349206349206349,"TPP_49.8"
"664",127,44,0.346456692913386,"TPP_49.8"
"665",128,44,0.34375,"TPP_49.8"
"666",129,45,0.348837209302326,"TPP_49.8"
"667",130,45,0.346153846153846,"TPP_49.8"
"668",131,46,0.351145038167939,"TPP_49.8"
"669",132,46,0.348484848484849,"TPP_49.8"
"670",133,46,0.345864661654135,"TPP_49.8"
"671",134,46,0.343283582089552,"TPP_49.8"
"672",135,46,0.340740740740741,"TPP_49.8"
"673",136,46,0.338235294117647,"TPP_49.8"
"674",137,46,0.335766423357664,"TPP_49.8"
"675",138,46,0.333333333333333,"TPP_49.8"
"676",139,46,0.330935251798561,"TPP_49.8"
"677",140,46,0.328571428571429,"TPP_49.8"
"678",141,46,0.326241134751773,"TPP_49.8"
"679",142,46,0.323943661971831,"TPP_49.8"
"680",143,46,0.321678321678322,"TPP_49.8"
"681",144,46,0.319444444444444,"TPP_49.8"
"682",145,46,0.317241379310345,"TPP_49.8"
"683",146,46,0.315068493150685,"TPP_49.8"
"684",147,46,0.312925170068027,"TPP_49.8"
"685",148,46,0.310810810810811,"TPP_49.8"
"686",149,46,0.308724832214765,"TPP_49.8"
"687",150,46,0.306666666666667,"TPP_49.8"
"688",151,46,0.304635761589404,"TPP_49.8"
"689",152,46,0.302631578947368,"TPP_49.8"
"690",153,46,0.300653594771242,"TPP_49.8"
"691",154,46,0.298701298701299,"TPP_49.8"
"692",155,46,0.296774193548387,"TPP_49.8"
"693",156,47,0.301282051282051,"TPP_49.8"
"694",157,47,0.299363057324841,"TPP_49.8"
"695",158,47,0.29746835443038,"TPP_49.8"
"696",159,47,0.29559748427673,"TPP_49.8"
"697",160,47,0.29375,"TPP_49.8"
"698",161,47,0.291925465838509,"TPP_49.8"
"699",162,47,0.290123456790123,"TPP_49.8"
"700",163,47,0.288343558282209,"TPP_49.8"
"701",164,47,0.286585365853659,"TPP_49.8"
"702",165,47,0.284848484848485,"TPP_49.8"
"703",166,47,0.283132530120482,"TPP_49.8"
"704",167,47,0.281437125748503,"TPP_49.8"
"705",168,47,0.279761904761905,"TPP_49.8"
"706",169,47,0.27810650887574,"TPP_49.8"
"707",170,47,0.276470588235294,"TPP_49.8"
"708",171,47,0.274853801169591,"TPP_49.8"
"709",172,47,0.273255813953488,"TPP_49.8"
"710",173,47,0.271676300578035,"TPP_49.8"
"711",174,47,0.270114942528736,"TPP_49.8"
"712",175,47,0.268571428571429,"TPP_49.8"
"713",176,47,0.267045454545455,"TPP_49.8"
"714",177,48,0.271186440677966,"TPP_49.8"
"715",178,48,0.269662921348315,"TPP_49.8"
"716",179,48,0.268156424581006,"TPP_49.8"
"717",1,1,1,"TPP_52.9"
"718",2,2,1,"TPP_52.9"
"719",3,3,1,"TPP_52.9"
"720",4,4,1,"TPP_52.9"
"721",5,5,1,"TPP_52.9"
"722",6,6,1,"TPP_52.9"
"723",7,7,1,"TPP_52.9"
"724",8,8,1,"TPP_52.9"
"725",9,9,1,"TPP_52.9"
"726",10,10,1,"TPP_52.9"
"727",11,11,1,"TPP_52.9"
"728",12,12,1,"TPP_52.9"
"729",13,13,1,"TPP_52.9"
"730",14,14,1,"TPP_52.9"
"731",15,15,1,"TPP_52.9"
"732",16,16,1,"TPP_52.9"
"733",17,17,1,"TPP_52.9"
"734",18,18,1,"TPP_52.9"
"735",19,18,0.947368421052632,"TPP_52.9"
"736",20,19,0.95,"TPP_52.9"
"737",21,20,0.952380952380952,"TPP_52.9"
"738",22,21,0.954545454545455,"TPP_52.9"
"739",23,22,0.956521739130435,"TPP_52.9"
"740",24,23,0.958333333333333,"TPP_52.9"
"741",25,24,0.96,"TPP_52.9"
"742",26,25,0.961538461538462,"TPP_52.9"
"743",27,26,0.962962962962963,"TPP_52.9"
"744",28,26,0.928571428571429,"TPP_52.9"
"745",29,27,0.931034482758621,"TPP_52.9"
"746",30,28,0.933333333333333,"TPP_52.9"
"747",31,28,0.903225806451613,"TPP_52.9"
"748",32,28,0.875,"TPP_52.9"
"749",33,28,0.848484848484849,"TPP_52.9"
"750",34,28,0.823529411764706,"TPP_52.9"
"751",35,28,0.8,"TPP_52.9"
"752",36,29,0.805555555555556,"TPP_52.9"
"753",37,30,0.810810810810811,"TPP_52.9"
"754",38,30,0.789473684210526,"TPP_52.9"
"755",39,31,0.794871794871795,"TPP_52.9"
"756",40,32,0.8,"TPP_52.9"
"757",41,33,0.804878048780488,"TPP_52.9"
"758",42,34,0.80952380952381,"TPP_52.9"
"759",43,35,0.813953488372093,"TPP_52.9"
"760",44,35,0.795454545454545,"TPP_52.9"
"761",45,36,0.8,"TPP_52.9"
"762",46,37,0.804347826086957,"TPP_52.9"
"763",47,38,0.808510638297872,"TPP_52.9"
"764",48,39,0.8125,"TPP_52.9"
"765",49,40,0.816326530612245,"TPP_52.9"
"766",50,40,0.8,"TPP_52.9"
"767",51,41,0.803921568627451,"TPP_52.9"
"768",52,41,0.788461538461538,"TPP_52.9"
"769",53,41,0.773584905660377,"TPP_52.9"
"770",54,41,0.759259259259259,"TPP_52.9"
"771",55,42,0.763636363636364,"TPP_52.9"
"772",56,42,0.75,"TPP_52.9"
"773",57,42,0.736842105263158,"TPP_52.9"
"774",58,42,0.724137931034483,"TPP_52.9"
"775",59,42,0.711864406779661,"TPP_52.9"
"776",60,42,0.7,"TPP_52.9"
"777",61,42,0.688524590163934,"TPP_52.9"
"778",62,42,0.67741935483871,"TPP_52.9"
"779",63,42,0.666666666666667,"TPP_52.9"
"780",64,43,0.671875,"TPP_52.9"
"781",65,43,0.661538461538462,"TPP_52.9"
"782",66,43,0.651515151515151,"TPP_52.9"
"783",67,43,0.641791044776119,"TPP_52.9"
"784",68,43,0.632352941176471,"TPP_52.9"
"785",69,43,0.623188405797101,"TPP_52.9"
"786",70,43,0.614285714285714,"TPP_52.9"
"787",71,43,0.605633802816901,"TPP_52.9"
"788",72,43,0.597222222222222,"TPP_52.9"
"789",73,44,0.602739726027397,"TPP_52.9"
"790",74,44,0.594594594594595,"TPP_52.9"
"791",75,44,0.586666666666667,"TPP_52.9"
"792",76,44,0.578947368421053,"TPP_52.9"
"793",77,44,0.571428571428571,"TPP_52.9"
"794",78,44,0.564102564102564,"TPP_52.9"
"795",79,44,0.556962025316456,"TPP_52.9"
"796",80,44,0.55,"TPP_52.9"
"797",81,44,0.54320987654321,"TPP_52.9"
"798",82,44,0.536585365853659,"TPP_52.9"
"799",83,44,0.530120481927711,"TPP_52.9"
"800",84,44,0.523809523809524,"TPP_52.9"
"801",85,44,0.517647058823529,"TPP_52.9"
"802",86,44,0.511627906976744,"TPP_52.9"
"803",87,44,0.505747126436782,"TPP_52.9"
"804",88,44,0.5,"TPP_52.9"
"805",89,44,0.49438202247191,"TPP_52.9"
"806",90,44,0.488888888888889,"TPP_52.9"
"807",91,44,0.483516483516484,"TPP_52.9"
"808",92,44,0.478260869565217,"TPP_52.9"
"809",93,45,0.483870967741935,"TPP_52.9"
"810",94,45,0.478723404255319,"TPP_52.9"
"811",95,45,0.473684210526316,"TPP_52.9"
"812",96,45,0.46875,"TPP_52.9"
"813",97,45,0.463917525773196,"TPP_52.9"
"814",98,45,0.459183673469388,"TPP_52.9"
"815",99,45,0.454545454545455,"TPP_52.9"
"816",100,45,0.45,"TPP_52.9"
"817",101,45,0.445544554455446,"TPP_52.9"
"818",102,45,0.441176470588235,"TPP_52.9"
"819",103,45,0.436893203883495,"TPP_52.9"
"820",104,45,0.432692307692308,"TPP_52.9"
"821",105,45,0.428571428571429,"TPP_52.9"
"822",106,45,0.424528301886792,"TPP_52.9"
"823",107,45,0.420560747663551,"TPP_52.9"
"824",108,46,0.425925925925926,"TPP_52.9"
"825",109,46,0.422018348623853,"TPP_52.9"
"826",110,46,0.418181818181818,"TPP_52.9"
"827",111,46,0.414414414414414,"TPP_52.9"
"828",112,46,0.410714285714286,"TPP_52.9"
"829",113,46,0.407079646017699,"TPP_52.9"
"830",114,46,0.403508771929825,"TPP_52.9"
"831",115,47,0.408695652173913,"TPP_52.9"
"832",116,47,0.405172413793103,"TPP_52.9"
"833",117,47,0.401709401709402,"TPP_52.9"
"834",118,47,0.398305084745763,"TPP_52.9"
"835",119,47,0.394957983193277,"TPP_52.9"
"836",120,48,0.4,"TPP_52.9"
"837",121,48,0.396694214876033,"TPP_52.9"
"838",122,48,0.39344262295082,"TPP_52.9"
"839",123,48,0.390243902439024,"TPP_52.9"
"840",124,48,0.387096774193548,"TPP_52.9"
"841",125,48,0.384,"TPP_52.9"
"842",126,48,0.380952380952381,"TPP_52.9"
"843",127,48,0.377952755905512,"TPP_52.9"
"844",128,48,0.375,"TPP_52.9"
"845",129,48,0.372093023255814,"TPP_52.9"
"846",130,48,0.369230769230769,"TPP_52.9"
"847",131,48,0.366412213740458,"TPP_52.9"
"848",132,48,0.363636363636364,"TPP_52.9"
"849",133,48,0.360902255639098,"TPP_52.9"
"850",134,48,0.358208955223881,"TPP_52.9"
"851",135,48,0.355555555555556,"TPP_52.9"
"852",136,48,0.352941176470588,"TPP_52.9"
"853",137,48,0.35036496350365,"TPP_52.9"
"854",138,49,0.355072463768116,"TPP_52.9"
"855",139,49,0.352517985611511,"TPP_52.9"
"856",140,49,0.35,"TPP_52.9"
"857",141,50,0.354609929078014,"TPP_52.9"
"858",142,50,0.352112676056338,"TPP_52.9"
"859",143,50,0.34965034965035,"TPP_52.9"
"860",144,50,0.347222222222222,"TPP_52.9"
"861",145,50,0.344827586206897,"TPP_52.9"
"862",146,50,0.342465753424658,"TPP_52.9"
"863",147,50,0.340136054421769,"TPP_52.9"
"864",148,50,0.337837837837838,"TPP_52.9"
"865",149,50,0.335570469798658,"TPP_52.9"
"866",150,50,0.333333333333333,"TPP_52.9"
"867",151,50,0.33112582781457,"TPP_52.9"
"868",152,50,0.328947368421053,"TPP_52.9"
"869",153,50,0.326797385620915,"TPP_52.9"
"870",154,50,0.324675324675325,"TPP_52.9"
"871",155,50,0.32258064516129,"TPP_52.9"
"872",156,50,0.320512820512821,"TPP_52.9"
"873",157,50,0.318471337579618,"TPP_52.9"
"874",158,50,0.316455696202532,"TPP_52.9"
"875",159,50,0.314465408805031,"TPP_52.9"
"876",160,50,0.3125,"TPP_52.9"
"877",161,50,0.31055900621118,"TPP_52.9"
"878",162,50,0.308641975308642,"TPP_52.9"
"879",163,50,0.306748466257669,"TPP_52.9"
"880",164,50,0.304878048780488,"TPP_52.9"
"881",165,50,0.303030303030303,"TPP_52.9"
"882",166,50,0.301204819277108,"TPP_52.9"
"883",167,50,0.29940119760479,"TPP_52.9"
"884",168,50,0.297619047619048,"TPP_52.9"
"885",169,50,0.29585798816568,"TPP_52.9"
"886",170,50,0.294117647058824,"TPP_52.9"
"887",171,50,0.292397660818713,"TPP_52.9"
"888",172,50,0.290697674418605,"TPP_52.9"
"889",173,50,0.289017341040462,"TPP_52.9"
"890",174,50,0.28735632183908,"TPP_52.9"
"891",175,50,0.285714285714286,"TPP_52.9"
"892",176,50,0.284090909090909,"TPP_52.9"
"893",177,50,0.282485875706215,"TPP_52.9"
"894",178,50,0.280898876404494,"TPP_52.9"
"895",179,50,0.279329608938547,"TPP_52.9"
"896",1,1,1,"TPP_55.5"
"897",2,2,1,"TPP_55.5"
"898",3,3,1,"TPP_55.5"
"899",4,4,1,"TPP_55.5"
"900",5,4,0.8,"TPP_55.5"
"901",6,4,0.666666666666667,"TPP_55.5"
"902",7,4,0.571428571428571,"TPP_55.5"
"903",8,4,0.5,"TPP_55.5"
"904",9,4,0.444444444444444,"TPP_55.5"
"905",10,5,0.5,"TPP_55.5"
"906",11,5,0.454545454545455,"TPP_55.5"
"907",12,6,0.5,"TPP_55.5"
"908",13,6,0.461538461538462,"TPP_55.5"
"909",14,7,0.5,"TPP_55.5"
"910",15,8,0.533333333333333,"TPP_55.5"
"911",16,8,0.5,"TPP_55.5"
"912",17,9,0.529411764705882,"TPP_55.5"
"913",18,9,0.5,"TPP_55.5"
"914",19,9,0.473684210526316,"TPP_55.5"
"915",20,10,0.5,"TPP_55.5"
"916",21,10,0.476190476190476,"TPP_55.5"
"917",22,10,0.454545454545455,"TPP_55.5"
"918",23,10,0.434782608695652,"TPP_55.5"
"919",24,10,0.416666666666667,"TPP_55.5"
"920",25,11,0.44,"TPP_55.5"
"921",26,12,0.461538461538462,"TPP_55.5"
"922",27,12,0.444444444444444,"TPP_55.5"
"923",28,12,0.428571428571429,"TPP_55.5"
"924",29,12,0.413793103448276,"TPP_55.5"
"925",30,12,0.4,"TPP_55.5"
"926",31,12,0.387096774193548,"TPP_55.5"
"927",32,12,0.375,"TPP_55.5"
"928",33,12,0.363636363636364,"TPP_55.5"
"929",34,12,0.352941176470588,"TPP_55.5"
"930",35,12,0.342857142857143,"TPP_55.5"
"931",36,12,0.333333333333333,"TPP_55.5"
"932",37,12,0.324324324324324,"TPP_55.5"
"933",38,12,0.315789473684211,"TPP_55.5"
"934",39,12,0.307692307692308,"TPP_55.5"
"935",40,12,0.3,"TPP_55.5"
"936",41,12,0.292682926829268,"TPP_55.5"
"937",42,12,0.285714285714286,"TPP_55.5"
"938",43,12,0.27906976744186,"TPP_55.5"
"939",44,12,0.272727272727273,"TPP_55.5"
"940",45,12,0.266666666666667,"TPP_55.5"
"941",46,12,0.260869565217391,"TPP_55.5"
"942",47,13,0.276595744680851,"TPP_55.5"
"943",48,13,0.270833333333333,"TPP_55.5"
"944",49,13,0.26530612244898,"TPP_55.5"
"945",50,13,0.26,"TPP_55.5"
"946",51,13,0.254901960784314,"TPP_55.5"
"947",52,13,0.25,"TPP_55.5"
"948",53,13,0.245283018867925,"TPP_55.5"
"949",54,13,0.240740740740741,"TPP_55.5"
"950",55,13,0.236363636363636,"TPP_55.5"
"951",56,13,0.232142857142857,"TPP_55.5"
"952",57,13,0.228070175438596,"TPP_55.5"
"953",58,13,0.224137931034483,"TPP_55.5"
"954",59,13,0.220338983050847,"TPP_55.5"
"955",60,13,0.216666666666667,"TPP_55.5"
"956",61,13,0.213114754098361,"TPP_55.5"
"957",62,13,0.209677419354839,"TPP_55.5"
"958",63,13,0.206349206349206,"TPP_55.5"
"959",64,13,0.203125,"TPP_55.5"
"960",65,13,0.2,"TPP_55.5"
"961",66,13,0.196969696969697,"TPP_55.5"
"962",67,13,0.194029850746269,"TPP_55.5"
"963",68,13,0.191176470588235,"TPP_55.5"
"964",69,13,0.188405797101449,"TPP_55.5"
"965",70,13,0.185714285714286,"TPP_55.5"
"966",71,13,0.183098591549296,"TPP_55.5"
"967",72,13,0.180555555555556,"TPP_55.5"
"968",73,13,0.178082191780822,"TPP_55.5"
"969",74,13,0.175675675675676,"TPP_55.5"
"970",75,13,0.173333333333333,"TPP_55.5"
"971",76,13,0.171052631578947,"TPP_55.5"
"972",77,13,0.168831168831169,"TPP_55.5"
"973",78,13,0.166666666666667,"TPP_55.5"
"974",79,13,0.164556962025316,"TPP_55.5"
"975",80,13,0.1625,"TPP_55.5"
"976",81,13,0.160493827160494,"TPP_55.5"
"977",82,13,0.158536585365854,"TPP_55.5"
"978",83,13,0.156626506024096,"TPP_55.5"
"979",84,14,0.166666666666667,"TPP_55.5"
"980",85,14,0.164705882352941,"TPP_55.5"
"981",86,14,0.162790697674419,"TPP_55.5"
"982",87,14,0.160919540229885,"TPP_55.5"
"983",88,14,0.159090909090909,"TPP_55.5"
"984",89,14,0.157303370786517,"TPP_55.5"
"985",90,14,0.155555555555556,"TPP_55.5"
"986",91,14,0.153846153846154,"TPP_55.5"
"987",92,14,0.152173913043478,"TPP_55.5"
"988",93,14,0.150537634408602,"TPP_55.5"
"989",94,14,0.148936170212766,"TPP_55.5"
"990",95,14,0.147368421052632,"TPP_55.5"
"991",96,14,0.145833333333333,"TPP_55.5"
"992",97,14,0.144329896907216,"TPP_55.5"
"993",98,14,0.142857142857143,"TPP_55.5"
"994",99,14,0.141414141414141,"TPP_55.5"
"995",100,14,0.14,"TPP_55.5"
"996",101,14,0.138613861386139,"TPP_55.5"
"997",102,14,0.137254901960784,"TPP_55.5"
"998",103,14,0.135922330097087,"TPP_55.5"
"999",104,14,0.134615384615385,"TPP_55.5"
"1000",105,14,0.133333333333333,"TPP_55.5"
"1001",106,14,0.132075471698113,"TPP_55.5"
"1002",107,14,0.130841121495327,"TPP_55.5"
"1003",108,14,0.12962962962963,"TPP_55.5"
"1004",109,14,0.128440366972477,"TPP_55.5"
"1005",110,14,0.127272727272727,"TPP_55.5"
"1006",111,14,0.126126126126126,"TPP_55.5"
"1007",112,14,0.125,"TPP_55.5"
"1008",113,14,0.123893805309735,"TPP_55.5"
"1009",114,14,0.12280701754386,"TPP_55.5"
"1010",115,14,0.121739130434783,"TPP_55.5"
"1011",116,14,0.120689655172414,"TPP_55.5"
"1012",117,14,0.11965811965812,"TPP_55.5"
"1013",118,14,0.11864406779661,"TPP_55.5"
"1014",119,14,0.117647058823529,"TPP_55.5"
"1015",120,14,0.116666666666667,"TPP_55.5"
"1016",121,14,0.115702479338843,"TPP_55.5"
"1017",122,14,0.114754098360656,"TPP_55.5"
"1018",123,14,0.113821138211382,"TPP_55.5"
"1019",124,14,0.112903225806452,"TPP_55.5"
"1020",125,14,0.112,"TPP_55.5"
"1021",126,14,0.111111111111111,"TPP_55.5"
"1022",127,14,0.110236220472441,"TPP_55.5"
"1023",128,14,0.109375,"TPP_55.5"
"1024",129,15,0.116279069767442,"TPP_55.5"
"1025",130,15,0.115384615384615,"TPP_55.5"
"1026",131,15,0.114503816793893,"TPP_55.5"
"1027",132,15,0.113636363636364,"TPP_55.5"
"1028",133,16,0.120300751879699,"TPP_55.5"
"1029",134,16,0.119402985074627,"TPP_55.5"
"1030",135,16,0.118518518518519,"TPP_55.5"
"1031",136,16,0.117647058823529,"TPP_55.5"
"1032",137,16,0.116788321167883,"TPP_55.5"
"1033",138,16,0.115942028985507,"TPP_55.5"
"1034",139,16,0.115107913669065,"TPP_55.5"
"1035",140,16,0.114285714285714,"TPP_55.5"
"1036",141,17,0.120567375886525,"TPP_55.5"
"1037",142,17,0.119718309859155,"TPP_55.5"
"1038",143,17,0.118881118881119,"TPP_55.5"
"1039",144,17,0.118055555555556,"TPP_55.5"
"1040",145,17,0.117241379310345,"TPP_55.5"
"1041",146,17,0.116438356164384,"TPP_55.5"
"1042",147,17,0.115646258503401,"TPP_55.5"
"1043",148,17,0.114864864864865,"TPP_55.5"
"1044",149,17,0.114093959731544,"TPP_55.5"
"1045",150,17,0.113333333333333,"TPP_55.5"
"1046",151,17,0.112582781456954,"TPP_55.5"
"1047",152,17,0.111842105263158,"TPP_55.5"
"1048",153,17,0.111111111111111,"TPP_55.5"
"1049",154,17,0.11038961038961,"TPP_55.5"
"1050",155,17,0.109677419354839,"TPP_55.5"
"1051",156,17,0.108974358974359,"TPP_55.5"
"1052",157,17,0.10828025477707,"TPP_55.5"
"1053",158,17,0.107594936708861,"TPP_55.5"
"1054",159,17,0.106918238993711,"TPP_55.5"
"1055",160,17,0.10625,"TPP_55.5"
"1056",161,17,0.105590062111801,"TPP_55.5"
"1057",162,18,0.111111111111111,"TPP_55.5"
"1058",163,18,0.110429447852761,"TPP_55.5"
"1059",164,18,0.109756097560976,"TPP_55.5"
"1060",165,18,0.109090909090909,"TPP_55.5"
"1061",166,18,0.108433734939759,"TPP_55.5"
"1062",167,18,0.107784431137725,"TPP_55.5"
"1063",168,18,0.107142857142857,"TPP_55.5"
"1064",169,18,0.106508875739645,"TPP_55.5"
"1065",170,18,0.105882352941176,"TPP_55.5"
"1066",171,18,0.105263157894737,"TPP_55.5"
"1067",172,18,0.104651162790698,"TPP_55.5"
"1068",173,18,0.104046242774566,"TPP_55.5"
"1069",174,18,0.103448275862069,"TPP_55.5"
"1070",175,18,0.102857142857143,"TPP_55.5"
"1071",176,18,0.102272727272727,"TPP_55.5"
"1072",177,18,0.101694915254237,"TPP_55.5"
"1073",178,18,0.101123595505618,"TPP_55.5"
"1074",179,18,0.100558659217877,"TPP_55.5"
"1075",1,0,0,"TPP_58.6"
"1076",2,1,0.5,"TPP_58.6"
"1077",3,1,0.333333333333333,"TPP_58.6"
"1078",4,1,0.25,"TPP_58.6"
"1079",5,2,0.4,"TPP_58.6"
"1080",6,2,0.333333333333333,"TPP_58.6"
"1081",7,2,0.285714285714286,"TPP_58.6"
"1082",8,3,0.375,"TPP_58.6"
"1083",9,3,0.333333333333333,"TPP_58.6"
"1084",10,3,0.3,"TPP_58.6"
"1085",11,3,0.272727272727273,"TPP_58.6"
"1086",12,3,0.25,"TPP_58.6"
"1087",13,3,0.230769230769231,"TPP_58.6"
"1088",14,4,0.285714285714286,"TPP_58.6"
"1089",15,4,0.266666666666667,"TPP_58.6"
"1090",16,5,0.3125,"TPP_58.6"
"1091",17,5,0.294117647058824,"TPP_58.6"
"1092",18,5,0.277777777777778,"TPP_58.6"
"1093",19,5,0.263157894736842,"TPP_58.6"
"1094",20,5,0.25,"TPP_58.6"
"1095",21,5,0.238095238095238,"TPP_58.6"
"1096",22,5,0.227272727272727,"TPP_58.6"
"1097",23,5,0.217391304347826,"TPP_58.6"
"1098",24,5,0.208333333333333,"TPP_58.6"
"1099",25,5,0.2,"TPP_58.6"
"1100",26,5,0.192307692307692,"TPP_58.6"
"1101",27,5,0.185185185185185,"TPP_58.6"
"1102",28,5,0.178571428571429,"TPP_58.6"
"1103",29,5,0.172413793103448,"TPP_58.6"
"1104",30,5,0.166666666666667,"TPP_58.6"
"1105",31,5,0.161290322580645,"TPP_58.6"
"1106",32,5,0.15625,"TPP_58.6"
"1107",33,5,0.151515151515152,"TPP_58.6"
"1108",34,5,0.147058823529412,"TPP_58.6"
"1109",35,5,0.142857142857143,"TPP_58.6"
"1110",36,5,0.138888888888889,"TPP_58.6"
"1111",37,5,0.135135135135135,"TPP_58.6"
"1112",38,5,0.131578947368421,"TPP_58.6"
"1113",39,5,0.128205128205128,"TPP_58.6"
"1114",40,5,0.125,"TPP_58.6"
"1115",41,6,0.146341463414634,"TPP_58.6"
"1116",42,6,0.142857142857143,"TPP_58.6"
"1117",43,6,0.13953488372093,"TPP_58.6"
"1118",44,6,0.136363636363636,"TPP_58.6"
"1119",45,6,0.133333333333333,"TPP_58.6"
"1120",46,6,0.130434782608696,"TPP_58.6"
"1121",47,6,0.127659574468085,"TPP_58.6"
"1122",48,6,0.125,"TPP_58.6"
"1123",49,6,0.122448979591837,"TPP_58.6"
"1124",50,6,0.12,"TPP_58.6"
"1125",51,7,0.137254901960784,"TPP_58.6"
"1126",52,7,0.134615384615385,"TPP_58.6"
"1127",53,7,0.132075471698113,"TPP_58.6"
"1128",54,7,0.12962962962963,"TPP_58.6"
"1129",55,7,0.127272727272727,"TPP_58.6"
"1130",56,7,0.125,"TPP_58.6"
"1131",57,7,0.12280701754386,"TPP_58.6"
"1132",58,7,0.120689655172414,"TPP_58.6"
"1133",59,7,0.11864406779661,"TPP_58.6"
"1134",60,7,0.116666666666667,"TPP_58.6"
"1135",61,8,0.131147540983607,"TPP_58.6"
"1136",62,8,0.129032258064516,"TPP_58.6"
"1137",63,8,0.126984126984127,"TPP_58.6"
"1138",64,8,0.125,"TPP_58.6"
"1139",65,8,0.123076923076923,"TPP_58.6"
"1140",66,8,0.121212121212121,"TPP_58.6"
"1141",67,8,0.119402985074627,"TPP_58.6"
"1142",68,9,0.132352941176471,"TPP_58.6"
"1143",69,9,0.130434782608696,"TPP_58.6"
"1144",70,9,0.128571428571429,"TPP_58.6"
"1145",71,9,0.126760563380282,"TPP_58.6"
"1146",72,9,0.125,"TPP_58.6"
"1147",73,9,0.123287671232877,"TPP_58.6"
"1148",74,9,0.121621621621622,"TPP_58.6"
"1149",75,9,0.12,"TPP_58.6"
"1150",76,9,0.118421052631579,"TPP_58.6"
"1151",77,9,0.116883116883117,"TPP_58.6"
"1152",78,9,0.115384615384615,"TPP_58.6"
"1153",79,9,0.113924050632911,"TPP_58.6"
"1154",80,9,0.1125,"TPP_58.6"
"1155",81,9,0.111111111111111,"TPP_58.6"
"1156",82,9,0.109756097560976,"TPP_58.6"
"1157",83,9,0.108433734939759,"TPP_58.6"
"1158",84,9,0.107142857142857,"TPP_58.6"
"1159",85,9,0.105882352941176,"TPP_58.6"
"1160",86,9,0.104651162790698,"TPP_58.6"
"1161",87,9,0.103448275862069,"TPP_58.6"
"1162",88,9,0.102272727272727,"TPP_58.6"
"1163",89,9,0.101123595505618,"TPP_58.6"
"1164",90,9,0.1,"TPP_58.6"
"1165",91,9,0.0989010989010989,"TPP_58.6"
"1166",92,9,0.0978260869565217,"TPP_58.6"
"1167",93,9,0.0967741935483871,"TPP_58.6"
"1168",94,9,0.0957446808510638,"TPP_58.6"
"1169",95,9,0.0947368421052632,"TPP_58.6"
"1170",96,9,0.09375,"TPP_58.6"
"1171",97,9,0.0927835051546392,"TPP_58.6"
"1172",98,9,0.0918367346938776,"TPP_58.6"
"1173",99,9,0.0909090909090909,"TPP_58.6"
"1174",100,9,0.09,"TPP_58.6"
"1175",101,9,0.0891089108910891,"TPP_58.6"
"1176",102,9,0.0882352941176471,"TPP_58.6"
"1177",103,9,0.087378640776699,"TPP_58.6"
"1178",104,9,0.0865384615384615,"TPP_58.6"
"1179",105,9,0.0857142857142857,"TPP_58.6"
"1180",106,9,0.0849056603773585,"TPP_58.6"
"1181",107,9,0.0841121495327103,"TPP_58.6"
"1182",108,9,0.0833333333333333,"TPP_58.6"
"1183",109,9,0.0825688073394495,"TPP_58.6"
"1184",110,9,0.0818181818181818,"TPP_58.6"
"1185",111,9,0.0810810810810811,"TPP_58.6"
"1186",112,9,0.0803571428571429,"TPP_58.6"
"1187",113,9,0.079646017699115,"TPP_58.6"
"1188",114,9,0.0789473684210526,"TPP_58.6"
"1189",115,9,0.0782608695652174,"TPP_58.6"
"1190",116,9,0.0775862068965517,"TPP_58.6"
"1191",117,9,0.0769230769230769,"TPP_58.6"
"1192",118,9,0.076271186440678,"TPP_58.6"
"1193",119,9,0.0756302521008403,"TPP_58.6"
"1194",120,9,0.075,"TPP_58.6"
"1195",121,9,0.0743801652892562,"TPP_58.6"
"1196",122,9,0.0737704918032787,"TPP_58.6"
"1197",123,9,0.0731707317073171,"TPP_58.6"
"1198",124,9,0.0725806451612903,"TPP_58.6"
"1199",125,9,0.072,"TPP_58.6"
"1200",126,9,0.0714285714285714,"TPP_58.6"
"1201",127,9,0.0708661417322835,"TPP_58.6"
"1202",128,9,0.0703125,"TPP_58.6"
"1203",129,9,0.0697674418604651,"TPP_58.6"
"1204",130,9,0.0692307692307692,"TPP_58.6"
"1205",131,9,0.0687022900763359,"TPP_58.6"
"1206",132,9,0.0681818181818182,"TPP_58.6"
"1207",133,9,0.0676691729323308,"TPP_58.6"
"1208",134,9,0.0671641791044776,"TPP_58.6"
"1209",135,9,0.0666666666666667,"TPP_58.6"
"1210",136,9,0.0661764705882353,"TPP_58.6"
"1211",137,9,0.0656934306569343,"TPP_58.6"
"1212",138,9,0.0652173913043478,"TPP_58.6"
"1213",139,9,0.0647482014388489,"TPP_58.6"
"1214",140,9,0.0642857142857143,"TPP_58.6"
"1215",141,9,0.0638297872340425,"TPP_58.6"
"1216",142,9,0.0633802816901408,"TPP_58.6"
"1217",143,9,0.0629370629370629,"TPP_58.6"
"1218",144,9,0.0625,"TPP_58.6"
"1219",145,9,0.0620689655172414,"TPP_58.6"
"1220",146,9,0.0616438356164384,"TPP_58.6"
"1221",147,9,0.0612244897959184,"TPP_58.6"
"1222",148,9,0.0608108108108108,"TPP_58.6"
"1223",149,9,0.0604026845637584,"TPP_58.6"
"1224",150,9,0.06,"TPP_58.6"
"1225",151,9,0.0596026490066225,"TPP_58.6"
"1226",152,9,0.0592105263157895,"TPP_58.6"
"1227",153,9,0.0588235294117647,"TPP_58.6"
"1228",154,9,0.0584415584415584,"TPP_58.6"
"1229",155,9,0.0580645161290323,"TPP_58.6"
"1230",156,9,0.0576923076923077,"TPP_58.6"
"1231",157,9,0.0573248407643312,"TPP_58.6"
"1232",158,9,0.0569620253164557,"TPP_58.6"
"1233",159,9,0.0566037735849057,"TPP_58.6"
"1234",160,9,0.05625,"TPP_58.6"
"1235",161,9,0.0559006211180124,"TPP_58.6"
"1236",162,9,0.0555555555555556,"TPP_58.6"
"1237",163,9,0.0552147239263804,"TPP_58.6"
"1238",164,9,0.0548780487804878,"TPP_58.6"
"1239",165,9,0.0545454545454545,"TPP_58.6"
"1240",166,9,0.0542168674698795,"TPP_58.6"
"1241",167,9,0.0538922155688623,"TPP_58.6"
"1242",168,9,0.0535714285714286,"TPP_58.6"
"1243",169,9,0.0532544378698225,"TPP_58.6"
"1244",170,9,0.0529411764705882,"TPP_58.6"
"1245",171,9,0.0526315789473684,"TPP_58.6"
"1246",172,9,0.0523255813953488,"TPP_58.6"
"1247",173,9,0.0520231213872832,"TPP_58.6"
"1248",174,9,0.0517241379310345,"TPP_58.6"
"1249",175,9,0.0514285714285714,"TPP_58.6"
"1250",176,9,0.0511363636363636,"TPP_58.6"
"1251",177,9,0.0508474576271186,"TPP_58.6"
"1252",178,9,0.050561797752809,"TPP_58.6"
"1253",179,9,0.0502793296089385,"TPP_58.6"
